"Type","RegionName","RegionId","Fias","OKATO","ParentRegionId"
г,Норильск,1,d301a980-4a45-4066-9a20-4e783856a562,"04429000000",261
г,Электросталь,2,e0b171b6-bf2e-4d68-ab05-4d42ab2b375a,"46490000000",287
г,Самара,3,bb035cc3-1dc2-4627-9d25-a1bf2d4b936b,"36401000000",299
г,Уфа,4,"7339e834-2cb4-4734-a4c7-1fca2c66e562","80401000000",237
г,Казань,5,"93b3df57-4c89-44df-ac42-96f05e9cd3b9","92401000000",251
г,Новосибирск,6,"8dea00e3-9aab-4d8e-887c-ef2aaa546456","50401000000",291
г,Челябинск,7,a376e68d-724a-4472-be7c-891bdb09ae32,"75401000000",310
г,Нижний Новгород,8,"555e7d61-d9a7-4ba6-9770-6caa8198c483","22401000000",289
г,Ростов-на-Дону,9,c1cfe4b9-f7c2-423c-abfa-6ed1c05a15c5,"60401000000",297
г,Красноярск,10,"9b968c73-f4d4-4012-8da8-3dacd4d4c1bd","04401000000",261
г,Пермь,11,a309e4ce-2f36-4106-b1ca-53e0f48a6d95,"57401000000",262
г,Волгоград,12,a52b7389-0cfe-46fb-ae15-298652a64cf8,"18401000000",272
г,Воронеж,13,"5bf5ddff-6353-4a3d-80c4-6fb27f00c6c1","20401000000",274
г,Сочи,14,"79da737a-603b-4c19-9b54-9114c96fb912","03426000000",260
г,Майкоп,15,"8cfbe842-e803-49ca-9347-1ef90481dd98","79401000000",235
г,Горно-Алтайск,16,"0839d751-b940-4d3d-afb6-5df03fdd7791","84401000000",236
г,Улан-Удэ,17,"9fdcc25f-a3d0-4f28-8b61-40648d099065","81401000000",238
г,Элиста,21,d5bd18b9-22c1-48e2-9b4a-3b7a4c89a3cb,"85401000000",242
г,Петрозаводск,23,ccc34487-8fd4-4e71-b032-f4e6c82fb354,"86401000000",244
г,Сыктывкар,24,d2944a73-daf4-4a08-9b34-d9b0af7785a1,"87401000000",245
г,Йошкар-Ола,26,"0648e41c-a09b-4eac-91cd-8cf61b9ccb7b","88401000000",247
г,Саранск,27,"1ccfdc3c-be0f-4e42-ab4d-98f90de972d9","89401000000",248
г,Якутск,28,"884c84a2-0141-4652-962d-8a92989b88f7","98401000000",249
г,Кызыл,30,"8df8c56f-a46e-438f-a85b-a9b18ad4fc77","93401000000",252
г,Ижевск,31,deb1d05a-71ce-40d1-b726-6ba85d70d58f,"94401000000",253
г,Чебоксары,32,dd8caeab-c685-4f2a-bf5f-550aca1bbc48,"97401000000",256
г,Абакан,33,"42a02e11-a337-4d50-8596-fc76dae7c62a","95401000000",254
г,Барнаул,35,d13945a8-7017-46ab-b1e6-ede1e89317ad,"01401000000",257
г,Чита,36,"2d9abaa6-85a6-4f1f-a1bd-14b76ec17d9c","76401000000",258
г,Петропавловск-Камчатский,37,"0b3f0723-5fe0-4c23-af44-8082166c6d2e","30401000000",259
г,Краснодар,38,"7dfa745e-aa19-4688-b121-b655c11e482f","03401000000",260
г,Владивосток,39,"7b6de6a5-86d0-4735-b11a-499081111af8","05401000000",263
г,Ставрополь,40,"2a1c7bdb-05ea-492f-9e1c-b3999f79dcbc","07401000000",264
г,Хабаровск,41,a4859da8-9977-4b62-8436-4e1b98c5d13f,"08401000000",265
г,Благовещенск,42,"8f41253d-6e3b-48a9-842a-25ba894bd093","10401000000",266
г,Архангельск,43,"06814fb6-0dc3-4bec-ba20-11f894a0faf5","11401000000",267
г,Астрахань,44,a101dd8b-3aee-4bda-9c61-9df106f145ff,"12401000000",268
г,Белгород,45,"02e9c019-ab4d-4fa0-928e-d6c0a41dc256","14401000000",269
г,Брянск,46,"414b71cf-921e-4bfc-b6e0-f7395d16aaef","15401000000",270
г,Владимир,47,f66a00e6-179e-4de9-8ecb-78b0277c9f10,"17401000000",271
г,Вологда,48,"023484a5-f98d-4849-82e1-b7e0444b54ef","19401000000",273
г,Иваново,49,"40c6863e-2a5f-4033-a377-3416533948bd","24401000000",275
г,Тамбов,50,ea2a1270-1e19-4224-b1a0-4228b9de3c7a,"68401000000",304
г,Калуга,51,b502ae45-897e-4b6f-9776-6ff49740b537,"29401000000",278
г,Омск,52,"140e31da-27bf-4519-9ea0-6185d681d44e","52401000000",292
г,Кострома,53,"14c73394-b886-40a9-9e5c-547cfd4d6aad","34401000000",281
г,Саратов,54,bf465fda-7834-47d5-986b-ccdb584a85a6,"63401000000",300
г,Тула,55,b2601b18-6da2-4789-9fbe-800dde06a2bb,"70401000000",307
г,Тверь,56,c52ea942-555e-45c6-9751-58897717b02f,"28401000000",305
г,Ярославль,57,"6b1bab7d-ee45-4168-a2a6-4ce2880d90d3","78401000000",311
г,Смоленск,58,d414a2e8-9e1e-48c1-94a4-7308d5608177,"66401000000",303
г,Калининград,59,df679694-d505-4dd3-b514-4ba48c8a97d8,"27401000000",277
г,Мурманск,60,b7127184-ead6-422b-b7cf-4fc7725b47a5,"47401000000",288
г,Нарьян-Мар,61,b0122c31-eb1c-40ae-b998-08f9e99a0fa1,"11111000000",313
г,Ханты-Мансийск,62,d680d1a9-ff89-42c0-b39f-143d2ffb520a,"71131000000",314
г,Великий Новгород,63,"8d0a05bf-3b8a-43e9-ac26-7ce61d7c4560","49401000000",290
г,Тюмень,64,"9ae64229-9f7b-4149-b27a-d1f6ec74b5ce","71401000000",308
г,Псков,65,"2858811e-448a-482e-9863-e03bf06bb5d4","58401000000",296
г,Южно-Сахалинск,66,"44388ad0-06aa-49b0-bbf9-1704629d1d68","64401000000",301
г,Биробиджан,67,"5d133391-46ee-496b-83a6-efeeaa903643","99401000000",312
г,Екатеринбург,68,"2763c110-cb8b-416a-9dac-ad28a55b4402","65401000000",302
г,Салехард,69,"0c1b7f05-9fd9-4ec9-a2cc-5ee2799be1e6","71171000000",316
г,Киров,70,"452a2ddf-88a1-4e35-8d8d-8635493768d4","33401000000",280
г,Оренбург,71,dce97bff-deb2-4fd9-9aec-4f4327bbf89b,"53401000000",293
г,Магадан,72,cb8ae35a-93df-4133-b377-50f3698c8b5e,"44401000000",286
г,Кемерово,73,"94bb19a3-c1fa-410b-8651-ac1bf7c050cd","32401000000",279
г,Курск,74,d790c72e-479b-4da2-90d7-842b1712a71c,"38401000000",283
г,Ульяновск,75,bebfd75d-a0da-4bf9-8307-2e2c85eac463,"73401000000",309
г,Пенза,76,ff3292b1-a1d2-47d4-b35b-ac06b50555cc,"56401000000",295
г,Москва,77,"0c5b2444-70a0-4932-980c-b4dc0d3f02b5","45000000000",0
г,Рязань,78,"86e5bae4-ef58-4031-b34f-5e9ff914cd55","61401000000",298
г,Курган,79,"3bbda77d-ba3f-4457-9d44-c440815cda89","37401000000",282
г,Анадырь,80,"7fad3a21-06b4-4af3-9657-bf1521714952","77401000000",315
г,Иркутск,81,"8eeed222-72e7-47c3-ab3a-9a553c31cf72","25401000000",276
г,Орёл,82,"2abed4d9-5565-4885-bc96-f4ffccc6cba4","54401000000",294
г,Томск,83,e3b0eae8-a4ce-4779-ae04-5c0797de66be,"69401000000",306
г,Альметьевск,84,"1ca4e6ce-2bc8-40a9-bdf5-113449c3a172","92405000000",19082
г,Алексин,85,b9688874-4981-4b22-a930-2521c04beb3c,"70202501000",176627
г,Пятигорск,86,"9b0efbd0-22bb-400d-86db-ddc69b9939d9","07427000000",264
г,Тольятти,87,"242e87c1-584d-4360-8c4c-aae2fe90048e","36440000000",299
г,Чехов,88,"7eeb876e-7b67-4ed7-91ec-0588712db96c","46256501000",107176
г,Таганрог,89,d72c95ed-9fdd-4f27-b94f-898fc3f1177d,"60437000000",297
г,Фрязино,90,"13696e0e-4c75-49aa-9c83-0a6faf5074ee","46480000000",287
г,Усинск,91,"267fd50d-0077-4041-9594-18b1de5f2acb","87423000000",245
г,Реутов,92,e0504cf6-4d81-401c-b18b-434457aaaa21,"46464000000",287
г,Тобольск,93,"6d7c3e9e-8d6d-490a-a650-8257dbf5ec36","71410000000",308
г,Ангарск,94,"82b6b7c8-82a4-44b2-8bc7-691373706b89","25203501000",276
г,Химки,95,d76255c8-3173-4db5-a39b-badd3ebdf851,"46483000000",287
г,Прокопьевск,96,"2d8b9d01-1c4f-4987-8a0b-1eb5080c1f38","32437000000",279
г,Туапсе,97,d0e68eaf-5ea0-4e65-81b6-b6f55c4df6f5,"03432000000",31969
г,Усолье-Сибирское,98,ac680034-f7da-4bd8-8374-a5c97aa09516,"25436000000",276
г,Арзамас,99,"7e42f157-87d6-4111-a406-17432e814723","22403000000",289
г,Подольск,100,b22cf685-e391-42c8-aab5-a9aadb9193d4,"46460000000",287
г,Санкт-Петербург,101,c2deb16a-0330-4f05-821f-1d09c93331e6,"40000000000",0
г,Уссурийск,102,de7335fb-9baa-48eb-927d-0bb299b2e5bc,"05423000000",263
г,Раменское,103,a54506e0-5641-4d8c-b543-7bcce2c9887f,"46248501000",105125
г,Щелково,104,c38a33c1-8f16-4454-bbf4-656d6b8b1739,"46259501000",107818
г,Ухта,105,"067b4cef-e128-4d5a-8305-fecf53e7b7e8","87425000000",245
г,Шелехов,106,c727ac3a-e05c-4b81-b8e1-9b1003c28595,"25255501000",276
г,Энгельс,108,c58d0505-54eb-4c34-8216-b14f7cdb0ecb,"63450000000",300
г,Усть-Илимск,109,"78d11295-77b5-4ac4-b128-582e2989c0a5","25438000000",276
г,Пушкино,110,"7f22cfa4-34fa-4fa0-bcb0-620cd8402cfa","46247501000",106068
г,Павловский Посад,111,bb464d94-30bf-4cf8-a320-905733fa67e2,"46245501000",104787
г,Череповец,112,b4c30848-5181-44b4-88fa-456e1c4aeb0f,"19430000000",273
г,Шахты,113,dee2e80e-f2e1-4a68-93b0-b7b89b6f3e74,"60440000000",297
г,Солнечногорск,114,d4dadcfd-355d-4fe9-963d-48ad122a7778,"46252501000",106196
г,Борисоглебск,115,e5c49f70-5235-49ef-a16b-816114b36566,"20410000000",62614
г,Мончегорск,116,"177e037d-a06d-4f8a-9333-fd534dd34c5d","47415000000",288
г,Жуковский,117,fd91f393-4820-437f-a50c-907e9856c374,"46425000000",287
г,Северодвинск,118,"32747c72-c08b-4440-b340-91f48d72f9db","11430000000",267
г,Сергиев Посад,119,"7baaac39-aa31-4712-893d-51ef80124a86","46215501000",106639
г,Димитровград,120,"73b29372-242c-42c5-89cd-8814bc2368af","73405000000",309
г,Выкса,121,d89942e8-e06b-46bd-a805-7cec8f77417e,"22415000000",289
г,Серов,122,"591f3e74-079f-42ff-a155-f01c9dc363ae","65492000000",302
г,Невинномысск,123,ff894fb7-acb4-4edf-bb48-c5349d89579b,"07424000000",264
г,Сургут,124,f1eb1809-47d4-4f0b-9a74-fa416e9d3df2,"71136000000",314
г,Ленинск-Кузнецкий,126,cf600ae8-e376-42ae-bf7c-5aa1875dcd28,"32419000000",279
г,Стерлитамак,127,"84e0b23d-82fe-40a8-8739-55e679780dc3","80445000000",237
г,Великие Луки,128,ca091eae-2c39-4730-b57d-b2fa570f71cb,"58410000000",296
г,Набережные Челны,129,"748d7afa-7407-4876-9f40-764ecdd09bbd","92430000000",251
г,Междуреченск,130,c6a7e590-04b4-4a01-85fc-b61b63711bba,"32425000000",279
г,Волхов,131,d77089df-c8ed-464d-a26b-69ce42383a0f,"41408000000",93168
г,Сызрань,133,e9e684ce-7d60-4480-ba14-ca6da658188b,"36435000000",299
г,Липецк,134,eacb5f15-1a2e-432e-904a-ca56bd635f1b,"42401000000",285
г,Нижний Тагил,135,cc73d6af-6e2e-4a1f-be8e-682c289b0b57,"65476000000",302
г,Старый Оскол,136,"9f5e86b1-b893-43dc-9dd4-ac66573b17d1","14440000000",269
г,Комсомольск-на-Амуре,137,a29c5b20-5056-412b-9af6-7b805aa3ea72,"08409000000",265
г,Воскресенск,138,"555e9f1b-627a-4444-b19e-27fb9d67a093","46206501000",101324
г,Магнитогорск,139,"988157bf-d6d5-4c2a-80ec-4ad531eea056","75438000000",310
г,Нижневартовск,140,"0bf0f4ed-13f8-446e-82f6-325498808076","71135000000",314
г,Серпухов,141,efc02a6a-273b-4a49-aef9-a5606ef8591c,"46470000000",287
г,Красногорск,142,"63fcf18a-365e-451f-baee-8d09ac50b773","46223501000",102780
г,Саянск,143,c21b5e04-ce0f-4f98-b0ac-0ceabc531212,"25426000000",276
г,Нижнекамск,144,"6b849aa8-0782-4c26-b7ac-a0f413f306c0","92435000000",21214
г,Ивантеевка,145,e12cf909-779a-4352-af51-7a2a07668f60,"46432000000",287
г,Рубцовск,146,"65db5c88-c65c-43f0-9c21-13e15a032d4a","01416000000",257
г,Нефтекамск,147,"2c9997d2-ce94-431a-96c9-722d2238d5c8","80427000000",237
г,Новокузнецк,148,b28b6f6f-1435-444e-95a6-68c499b0d27a,"32431000000",279
г,Орехово-Зуево,149,"0f2f2d09-8e7a-4356-bd4d-0b055d802e7b","46457000000",287
г,Новочеркасск,150,"28bafcb3-92b2-445b-9443-a341be73fdb9","60427000000",297
г,Железногорск,151,b73b7c50-112e-4b04-82df-1e0cea13de4b,"38405000000",283
г,Волгодонск,152,"1a453dcd-8885-4999-923b-1bbaa5a1cec4","60412000000",297
г,Ноябрьск,153,"131c6e49-9bc5-484d-b65a-ee7f5d250418","71178000000",316
г,Люберцы,154,"427b4e19-f221-4abc-8904-81f7409c1ce3","46231501000",102839
г,Можайск,155,"4f86a11c-4258-4859-a227-a79c9ef400ff","46233501000",103350
г,Лыткарино,156,bba16a72-09e1-4f3f-93af-df5ecab6714b,"46441000000",287
г,Новороссийск,157,"16ac039a-5257-4715-a8c5-d6bd9e617b53","03420000000",260
г,Одинцово,158,"6ae8ad9e-aa6c-4849-92d8-8e637059c9b0","46241501000",104502
г,Россошь,159,"1ed74fcf-2dd0-460a-99b9-029ca382517d","20247501000",64300
г,Нефтеюганск,160,"45906532-143b-48c2-9af3-f480dc19c7bf","71134000000",314
г,Бийск,161,"52f876f6-cb1d-4f23-a22f-b692609fc1e0","01405000000",257
г,Мичуринск,162,"9bacca6d-4ed5-4fae-a76d-d281ce884d04","68415000000",304
г,Октябрьский,163,abd1bc35-ec51-437a-abee-76a4f620f662,"80435000000",237
г,Орск,164,"71e7cb45-f365-4e6b-b068-a7d35349c3ba","53423000000",293
г,Лобня,165,"67c493d4-d141-407e-868b-dafc289503f3","46440000000",287
г,Новомосковск,166,"0b6e326e-74ca-4e24-93d4-2c385c292bb5","70234501000",178514
г,Дзержинск,167,"1d5a97d5-9bdf-44c9-ac42-e201833e7f28","22421000000",289
г,Зеленоград,168,ec44c0ee-bf24-41c8-9e1c-76136ab05cbf,"77000002000",77
г,Рыбинск,169,"292c0a6a-47ce-435d-8a75-f80e9ce67fba","78415000000",189176
г,Рузаевка,170,a35889dd-6958-4d3e-8a65-3f628b9179ed,"89420000000",248
г,Березники,171,"4ffcde97-05e9-4a6e-bd51-3a984b41b7bd","57408000000",262
г,Миасс,172,f2976e80-32e1-4284-8eda-06cf19239cd1,"75442000000",310
г,Гатчина,173,d193a2f8-4ea1-406a-ba9a-698ae19caeb7,"41420000000",94620
г,Балашиха,174,"27c5bc66-61bf-4a17-b0cd-ca0eb64192d6","46404000000",287
г,Кашира,175,"45b3f9ac-43cd-4bd0-90af-74cf64ea67f7","46435000000",287
г,Елец,176,"8261b161-ceac-4fa2-9fe8-593cb2a28210","42415000000",285
г,Губкин,177,"98b1ec30-6107-4f99-ae3a-9d82492f30a1","14430000000",269
г,Ливны,178,aef2c735-2e21-42e5-8638-9667bade6a2b,"54405000000",294
г,Находка,179,"225a3506-35aa-4456-8bd7-244bdfbc4eaf","05414000000",263
г,Кстово,180,"8d72434a-977f-418b-80e0-f37ff75d52e4","22237501000",110173
г,Мытищи,181,"5f290be7-14ff-4ccd-8bc8-2871a9ca9d5f","46446000000",287
г,Королев,182,"819d6910-b4d1-474f-ad10-c1fa944dfca4","46434000000",287
г,Балаково,183,"45eea4e7-2977-44bb-9b3d-ef8e9198e5d2","63407000000",300
г,Бузулук,184,"653b316e-d0ca-414e-9211-03a96643e91b","53412000000",293
г,Кузнецк,185,b4751488-e03d-416c-9cde-af7465256bfa,"56405000000",295
г,Братск,186,bdf6b629-b33e-4cfa-b4b2-7f693e1d821c,"25414000000",276
г,Бугульма,187,"2c857ac6-3fb8-421d-bfd4-deeffa96df8f","92410000000",18469
г,Кириши,188,"52da70f1-08b0-4b4c-9d22-d67a62bc2aa5","41425000000",96663
г,Камышин,189,"0f9fb687-8d03-41a2-968f-033a2ba44f2f","18415000000",272
г,Котлас,191,"93adb246-540e-40a2-a0fd-e96ca6796589","11410000000",39800
г,Клин,192,"2365151a-7a78-4af5-a8fb-a4faff856df5","46221501000",102987
г,Волжский,193,bc5ed788-84c8-493e-9598-7a15a9f1e4c1,"18410000000",272
г,Балашов,194,"574ddbe6-5e16-4e5b-9cf5-5f3be3a8a6c9","63410000000",300
г,Муром,195,"0d7d5d87-f0a6-428f-b655-d3be106c64a2","17435000000",271
г,Клинцы,196,"59cb1f1f-16f9-47eb-9487-14a6c00e8621","15415000000",270
г,Коломна,197,b367fb03-29f9-4dac-8d85-01595cfb6ad9,"46438000000",287
г,Кинешма,198,df284e77-a45c-411d-8901-94c91f4a92e5,"24405000000",275
г,Нерюнгри,199,"6ece5c38-f802-4f32-ad33-0409538c3562","98406000000",249
г,Ковров,200,"0b4978e2-e64c-4db1-b84d-93cf34bdb04b","17425000000",271
г,Армавир,201,fc9c55d0-c66e-455e-8034-b0944b025c38,"03405000000",260
г,Ачинск,202,c3689d32-dea5-49c8-b69b-b8d2daa1d36b,"04403000000",261
г,Дмитров,203,"0d8a246f-6446-403e-91c6-3aec9cdbfc32","46208501000",101428
г,Обнинск,204,"05a647ff-b859-4c93-8c8e-3590110a0085","29415000000",278
г,Златоуст,205,"110c731e-d72b-4c37-91cb-03ce33d9e727","75412000000",310
г,Закаменск,206,"0602f259-5de5-48e0-8a2c-427a5e0aef82","81221501000",7029
г,Петровск-Забайкальский,209,b26bb2c1-f79b-4c97-9d2d-e73790cfe622,"76236501000",186316
г,Шилка,210,"69efa85f-c9d7-44bb-bcda-95205cd1a647","76254501000",186191
г,Борзя,211,d4b135b9-4504-4bae-8585-da058d350f58,"76209501000",185786
г,Павлово,212,"169a49f5-e0ed-44ae-83f8-653e44685e15","22242501000",112118
г,Кулебаки,213,a963a64c-29cf-4342-bdc7-d998017aa4cd,"22427000000",289
г,Саров,214,be0210d1-1b58-49c1-8304-eb5ff5618fad,"22503000000",289
г,Сергач,215,ef4d5a83-c574-48d9-86ec-386f18bec524,"22248501000",112328
г,Урюпинск,216,"2e5879fc-35c2-4354-816b-f1fce74ece87","18425000000",272
г,Морозовск,218,"933cca52-9ab1-490e-b674-ec3789233e28","60234501000",145204
г,Ленинск,219,bee1ee84-fdcf-45b2-8c87-7b015efc4332,"18230501000",52166
г,Знаменск,220,"54ecd5a8-83d9-4a85-ae2c-6fe6976ab716","12519000000",268
г,Ахтубинск,221,"8d7acd62-cef4-4d5c-8057-644ee454ce6c","12205501000",43249
г,Харабали,222,"08373220-e187-4094-82de-b8e0864c5f38","12245501000",43621
г,Палласовка,223,e6891ad3-e99a-48fa-93e5-805da20e849c,"18245501000",52894
г,Дубовка,224,"66a2c07f-45b1-47d2-ab51-fa16288d07a6","18208501000",51557
г,Суровикино,225,b5bab4ba-e94f-4178-b6f7-67e01c89bec2,"18253501000",53006
г,Котельниково,226,ec52e094-acd0-49ab-bc84-9ce0aa80c7c0,"18224501000",52288
г,Камызяк,227,bc643e13-dcc5-4fa4-8cb1-94f71c5c18f4,"12225501000",43641
г,Красный Кут,228,"94ff279a-6567-4ac1-8001-42d8fd89605e","63223501000",152493
г,Нариманов,229,"46ce55dd-e3e2-4c31-ab3c-273423c2f782","12240501000",43478
г,Луховицы,231,"7c6d9ebf-8b6a-4435-a174-eb8018f7c598","46230501000",102873
г,Ногинск,232,"40ae04e3-9a69-44ea-8bd7-6c6f08e1a4ca","46239501000",104363
г,Салават,233,fc14353f-5a1d-4f22-94ea-b900bad9a9f1,"80439000000",237
г,Воркута,234,e0bf9ea3-7cbf-4b13-95f1-32c3ee9b3ae5,"87410000000",245
г,Адыгейск,548,ccdfd496-8108-4655-aadd-bd228747306d,"79403000000",235
г,Агидель,764,"8294b97c-7553-499e-8369-821d6eb0fdc7","80403000000",237
г,Кумертау,1212,"48e38991-07fd-4aaa-b240-a7280e4a823f","80423000000",237
г,Межгорье,1361,"5fd3a551-8553-4571-bfc8-2bfb211686f5","80507000000",237
г,Баймак,1741,"874d4c58-31cd-4309-80db-8f14863efdbb","80404000000",1623
г,Белебей,1826,"11e85c3e-c276-43b3-94e8-6b7f6cde5ac1","80405000000",1809
г,Бирск,2043,"8c049a5c-f080-4052-93a9-89decf401900","80415000000",2041
г,Белорецк,2357,dd65b1de-c076-4126-9b56-c4b4979e2b0f,"80410000000",2235
г,Благовещенск,2427,da7ef573-cdbe-458e-a790-b29ad3a3d140,"80417000000",2407
г,Ишимбай,3471,b3d2e10f-752d-4b90-b54b-9d6545f38ae0,"80420000000",3468
г,Туймазы,4557,"511a0136-f60c-451b-a2eb-3402103f1223","80450000000",4540
г,Мелеуз,5281,c516337d-f590-439b-83ad-6f15a9325740,"80425000000",5274
г,Учалы,5704,"7b2b052a-49df-4aff-a36f-fb82957da2ea","80455000000",5688
г,Дюртюли,6005,d4ac608f-5096-4529-bab2-68a26c64272e,"80418000000",5985
г,Янаул,6293,"21de303b-205d-4d37-81c9-63d10246e1af","80460000000",6284
г,Давлеканово,6420,d820f602-8763-4f63-be89-10077a2f025b,"80419000000",6415
г,Северобайкальск,7057,c4ea4370-0720-40a3-9df6-dd8ccf354d15,"81420000000",238
г,Бабушкин,7259,"519731a7-aace-435a-9a1c-1d0051ab7913","81224503000",7257
г,Кемь,11282,e4338e50-dae7-4bd0-8843-ca0db77140d3,"86212501000",11253
г,Кондопога,11327,ca9f6919-1174-4f35-a932-232fa02a4334,"86215501000",11305
г,Сортавала,11804,"7fa96873-4865-4f14-99e4-78d118cdca8b","86410000017",244
г,Беломорск,11934,b4bc7957-5539-4da9-ac5f-d6ee037c0d52,"86204501000",11875
г,Костомукша,11965,"1925075b-8541-4075-97ea-edad0557626e","86406000000",244
г,Олонец,12099,"38568ddc-20b7-409f-aa76-024b3b02c637","86230501000",12040
г,Питкяранта,12258,"284264da-5fb5-4301-b36a-1127d751329d","86233501000",12211
г,Лахденпохья,12332,"5b02bb69-ea4f-482d-b6c3-5bdfea5244d6","86218501000",12279
г,Медвежьегорск,12488,fec511c3-62fc-4093-95bd-89f05b26afa6,"86224501000",12334
г,Сегежа,12918,"4eb67866-2460-40c3-b69f-80889385caa3","86245501000",12882
г,Вуктыл,12923,f69a676b-8ede-4a19-80b6-6db85a12b5e1,"87412000000",245
г,Сосногорск,13022,"9a2569ae-14fb-43bb-b192-a4c29c463c28","87422000000",245
г,Печора,13056,e0ba898b-b813-4293-b817-510d586afd6e,"87420000000",245
г,Инта,13301,"1b136d3e-3bd6-440c-a3fd-23303143c440","87415000000",245
г,Емва,13647,"77fc9582-dbc7-4696-9ddc-00471e94553f","87208501000",13593
г,Микунь,13736,"2144ca72-ea8d-4ad6-90bc-e8443944087a","87244505000",13732
г,Звенигово,14478,a9999751-53ff-4b43-b15f-6ad8034705ba,"88212501000",14477
г,Волжск,14652,f183b079-b65f-4781-9b79-310ba29b724d,"88405000000",247
г,Козьмодемьянск,14861,"70f9ed24-8b25-4688-857f-a337710d4825","88415000000",247
г,Ардатов,16191,edab359e-50ac-422a-9117-78ce44b6f758,"89203501000",16139
г,Ковылкино,16305,"53445e0f-9d61-4359-9f4f-4983ff7aec34","89410000000",248
г,Инсар,16349,e5473064-cb2e-4da5-aa2b-42599c031705,"89224501000",16307
г,Темников,16583,"7a57dd0c-5b64-480e-8369-3e22261e2bf0","89249501000",16491
г,Краснослободск,16783,"870f93e7-2c41-45eb-baeb-b78cbcd79288","89234501000",16708
г,Олекминск,17179,"593f4fe2-d419-4eb1-86df-a0905f05799c","98241000000",249
г,Верхоянск,17292,"86a078da-13f2-4c47-989a-cce0384a60d3","98216503000",17291
г,Среднеколымск,17370,"42bf7165-9170-403c-bf86-ca1c19453e1c","98246501000",17354
г,Вилюйск,17418,"52297f9a-df7f-4d97-9260-342aed1f0718","98218501000",17401
г,Нюрба,17440,"5749064c-e95a-4a2c-a274-9aba7b066003","98409000000",17430
г,Ленск,17462,fdb008ca-3f90-478f-988f-8ec51fc5cc26,"98227501000",17455
г,Алдан,17641,"29a64605-5441-48c5-bc08-117a72ebc843","98203501000",17629
г,Томмот,17645,ddf06654-8540-4b55-9a08-45497cc29a75,"98203505000",17629
г,Удачный,17663,e6fde0e4-6124-4e8d-82ce-5f97abe86cc6,"98231509000",17660
г,Мирный,17674,"62d403af-d460-4e79-a90b-8b6a351af3b1","98404000000",17660
г,Олекминск,17726,c3aba7f3-caf7-443f-a906-8d79e6ec37f6,"98241501000",17711
г,Покровск,17970,fbe75414-a226-41f0-916b-de889d2c84c8,"98420000000",17962
г,Агрыз,18286,"9f936889-a757-419e-890a-d4cc1fa95e93","92201501000",18285
г,Арск,18805,d2c6e970-af35-41fe-9ba6-dc44a4187c67,"92212501000",18802
г,Азнакаево,19402,"17296190-84f5-4afd-93c5-2b79cfc8bc12","92403000000",19351
г,Бавлы,19466,"2a7d9c47-fc56-4167-a5fc-5e40a8a5f5d5","92408000000",19434
г,Зеленодольск,19533,"1e90ec38-0f85-442b-ac1b-ca687fa91d88","92420000000",19476
г,Елабуга,20043,"82d4c783-5080-4faa-9cec-ba9152bc9fc8","92415000000",20042
г,Лаишево,20208,"72197ca2-8209-49d6-ba10-7796b2e2e852","92234501000",20207
г,Буинск,20280,"58e5a396-77c4-4ab6-b235-afe364c0580f","92412000000",20278
г,Иннополис,20583,"98da33d3-9455-497a-9703-a0f89c95a901","92220509000",20506
г,Заинск,20616,"098deac5-b810-4584-b277-10f8b5afe51d","92417000000",20613
г,Мамадыш,20784,"1d9bbe0d-7086-4fd0-b91c-ed6d196cb818","92238501000",20783
г,Лениногорск,21009,e3a88932-c76e-4158-842c-d710a9856df1,"92425000000",21006
г,Менделеевск,21177,e23b4fcb-782b-4d5c-b962-94fd6018fef6,"92239501000",21176
г,Мензелинск,21291,d1d11ebe-b022-44aa-a211-3472483a4974,"92240501000",21290
г,Нурлат,21556,"1f708d3c-4d86-4ab7-afdf-5741fe661744","92437000000",21475
г,Тетюши,21580,e277c80f-b3ce-40d5-9a46-8c1e3a8dd1ba,"92255501000",21578
г,Болгар,21659,"724d41e3-f0ac-4254-a207-897ea3d42076","92232501000",21655
г,Чистополь,21789,c3c7b150-1b5b-49a6-ace2-a24b403b3b94,"92440000000",21788
г,Ак-Довурак,22181,"7e4932c1-2db8-4fee-9997-655d837e70e1","93403000000",252
г,Туран,22199,"224d11db-b006-4774-92eb-7fa5b870acbe","93235501000",22182
г,Чадан,22332,"2f1dec2a-2206-47fa-9620-1db182968112","93215501000",22331
г,Шагонар,22479,a2095706-c501-479c-903a-695b78af1f36,"93254501000",22477
г,Сарапул,22558,e69a280f-9064-490e-bae0-8bd39527872f,"94440000000",253
г,Можга,22914,"7096d8a5-2b41-47b1-95ae-35efcbc07dee","94430000000",253
г,Воткинск,22916,d948319d-b151-48f5-9791-22ccfeeabfe7,"94410000000",253
г,Камбарка,23702,b3bb969f-79ee-46fb-b23c-42a7b19fe8e1,"94220501000",23692
г,Саяногорск,25280,f89db729-bbfa-4d64-b8d5-ecafbec0733d,"95408000000",254
г,Черногорск,25285,"2e3ec6d8-3835-4c57-9fbc-7e61b58a03a3","95415000000",254
г,Абаза,25346,a369b520-09b4-49b2-b28c-61c9146153e6,"95402000000",254
г,Сорск,25349,bf626532-9e6c-4365-801e-c1d297ab40f0,"95409000000",254
г,Канаш,26152,"6edd2a33-d03a-4d59-83c3-e14de6890a49","97407000000",256
г,Козловка,26317,e4cdd522-24f9-4fa7-a900-7bd35be4ada5,"97219501000",26252
г,Шумерля,26395,"068dfc2d-3a52-4d7f-93bc-797c286e66ac","97413000000",256
г,Новочебоксарск,26419,"32599307-3fe7-4cf4-8fee-640044422d68","97410000000",256
г,Алатырь,27020,a699e866-12f0-42c3-94fd-67ca44468805,"97404000000",256
г,Цивильск,27214,"927d7cf4-f2e6-4617-9cf6-e73edf9fd9ad","97241501000",27077
г,Мариинский Посад,27786,a3514c10-c53a-4c6a-a945-c1a9b7bc6d31,"97229501000",27697
г,Ядрин,28009,"49bf68fa-6f47-4281-9c0f-b2ff8fa96cf6","97253501000",27989
г,Новоалтайск,28517,aa288d9f-4b2a-42a6-97f0-3502dddfa383,"01413000000",257
г,Заринск,28522,"142e04ef-dec1-44fa-b553-fac215764374","01406000000",257
г,Алейск,28523,ae716080-f27b-40b6-a555-cf8b518e849e,"01403000000",257
г,Яровое,28525,e07d57ed-22ce-4020-b59c-f7aae6f091bf,"01430000000",257
г,Белокуриха,28526,e4edca96-9b86-4cac-8c7f-cc93d9ba4cd1,"01404000000",257
г,Славгород,28673,"94ae181d-b153-4dd1-8a2f-12852919875f","01419000000",257
г,Горняк,29215,"094b3627-2699-4782-8492-4d82aac71958","01225501000",29206
г,Змеиногорск,29460,e7001b8f-d104-4873-96d4-66339f5e530a,"01214501000",29458
г,Горячий Ключ,30535,"298ebb96-d9c3-4809-b466-386c778234a5","03409000000",260
г,Геленджик,30592,e157b9c0-f908-48bc-a1d7-39c482a501a5,"03408000000",260
г,Апшеронск,30672,"7b9a7eb9-0d6d-4135-ad1c-3c059db9f386","03205501000",30613
г,Хадыженск,30679,e27ea530-bc56-43b3-8ff7-24db68ae2760,"03205509000",30613
г,Белореченск,30741,ce9dccce-d0a3-49c4-a934-3f8de7fbed2a,"03406000000",30680
г,Анапа,30829,eeb7a0a7-3bbf-4f00-8a03-a7eabc257bed,"03403000000",30778
г,Абинск,30914,ecd4abbc-79eb-4dd9-b02d-b10760fbc4ff,"03201501000",30878
г,Кореновск,30944,"76e1af12-0fae-42b0-8771-02191d803ad0","03221501000",30915
г,Гулькевичи,31183,"3039644e-5690-43b6-abbc-2d190f6dcecf","03213501000",31125
г,Ейск,31215,d22840fe-89f7-4f1a-8591-c51b87a7aec2,"03411000000",31194
г,Лабинск,31438,"0ec1acd4-d7bb-49f7-87c2-d66edb24f587","03417000000",31381
г,Крымск,31443,ae6c6804-3c18-4337-bb6e-7479a8cb64f6,"03415000000",31439
г,Курганинск,31598,"2c58f372-aac8-4645-b41a-f39bdffef373","03227501000",31562
г,Славянск-на-Кубани,31673,"06e2b3b8-c02c-4722-887f-168236ae5382","03423000000",31645
г,Новокубанск,31839,"38dd5f45-0a56-4554-93d8-3edfcdf000dd","03234501000",31787
г,Приморско-Ахтарск,31928,d9efcf77-c371-434d-a41e-f20e3b4c83c0,"03241501000",31897
г,Темрюк,32084,"3d6724a2-9641-44e6-bc69-097d93c01cb9","03251501000",32045
г,Тимашевск,32129,f09d518d-5617-476f-8c76-877899375202,"03253501000",32089
г,Тихорецк,32264,"1d3511c8-b1dc-49c5-b5fb-3533ed4ce3c4","03429000000",32210
г,Усть-Лабинск,32313,f5743b34-7858-46b4-99ca-050a4efa356d,"03257501000",32273
г,Дивногорск,32369,"76cc6918-6b7c-42b4-80da-4635d97d0da1","04409000000",261
г,Заозерный,32453,"719b789d-2476-430a-89cd-3fedc643d821","04247501000",261
г,Талнах,32456,"75c8a823-4432-4f70-a92d-f12ad2e131f3","04429515000",261
г,Кайеркан,32457,f601c59f-db06-4aa2-9bc9-25eb33bc3ef4,"04429000000",261
г,Боготол,32539,cb56cf76-4a34-428d-8244-a802414d5fac,"04406000000",261
г,Шарыпово,32540,e21e9175-86f9-4e24-b129-abdee0f956dc,"04440000000",261
г,Лесосибирск,32559,"2ddd48d6-e95b-4972-a34e-8586ed507763","04422000000",261
г,Железногорск,32562,e532b3c3-d300-4585-ada6-40e7900c2abf,"04535000000",261
г,Минусинск,32626,"5cfaf0c0-8f59-4321-9a5b-4b1c51b3779f","04423000000",261
г,Енисейск,32746,"6eb21d40-5098-49bc-8b08-ac1a2805d22b","04412000000",261
г,Зеленогорск,32749,"38f208d6-6f29-4d30-b826-b42e8beecc67","04537000000",261
г,Бородино,32757,"78d7587f-ef26-48dc-81c6-d3ff445c9c8b","04407000000",261
г,Назарово,32763,ab0a1754-5ba1-48bb-8960-475c7fbc9feb,"04426000000",261
г,Канск,32764,"75917770-c4cb-44d8-afcc-8a6d395c3bc2","04420000000",261
г,Сосновоборск,32768,a139c8ba-831e-4ee5-87a9-1eead6984288,"04433000000",261
г,Иланский,33611,"8fa29485-6bce-450c-8c5c-26b8ab682bde","04218501000",33565
г,Кодинск,33666,a97aba0e-9624-4e6c-8296-4e5fa103ddf0,"04224501000",33615
г,Артемовск,34271,d0d7a2fa-5bdc-4944-8047-75e80e4e883c,"04230502000",34253
г,Уяр,34410,aab80404-c16d-43b2-92d4-eb06639f37c2,"04257501000",34398
г,Уяр,34412,adf0a33f-3362-4f28-a982-f87cf15c1d8a,"04257501000",34398
г,Ужур,34858,"2730ee56-f5f7-472d-9e58-04c0b692bb8d","04256501000",34853
г,Игарка,35056,"59a84d36-af93-4e61-aac4-999431645666","04254501000",35032
г,Заозерный,35190,"1f8ea2c9-d6f7-4c30-b76d-2aa81640732e","04247501000",35181
г,Дудинка,35446,"80b72eaa-bcf7-4759-b291-09ee5e8b3377","04253501000",35417
г,Дальнегорск,35521,b2a863e2-37be-4858-b65e-0babc3872052,"05407000000",263
г,Арсеньев,35550,"36e4c7ce-7320-48ee-8320-0587c1e09917","05403000000",263
г,Спасск-Дальний,35589,e55554eb-c571-49d2-bf69-c3c4acf8b10b,"05420000000",263
г,Дальнереченск,35590,e6e6c2b1-20cf-47a7-9a4b-39e8a96cc5c8,"05408000000",263
г,Артем,35595,"3ce80b09-9b72-4e68-9b2d-becaaee4570e","05405000000",263
г,Партизанск,35604,b62edf86-4257-4e80-ade6-857529bd1b1e,"05417000000",263
г,Фокино,35618,fdb16823-586f-43d2-a1b4-b1c7c7f00bcd,"05547000000",263
г,Лесозаводск,35628,"71b4cdae-5e53-4406-a418-1e8b5c17dc2e","05411000000",263
г,Большой Камень,35930,"1315186b-9ae8-4f92-b3a5-1db055c15358","05406000000",263
г,Ессентуки,36336,"0ca8280c-89cb-4c81-8a99-ae10a98416bc","07410000000",264
г,Кисловодск,36339,"82551e9e-14a4-4414-ad60-6cc944763ff3","07415000000",264
г,Лермонтов,36422,"3808db7f-f793-40d0-ad74-691c158bc2de","07418000000",264
г,Железноводск,36431,f231a6e9-5631-44a6-80bf-585e9491165e,"07412000000",264
г,Георгиевск,36470,ea88bcba-c562-438a-9115-8b32426b0c8e,"07407000000",264
г,Буденновск,36545,bcca8fda-282d-4a90-9303-7a37a8197242,"07402000000",36510
г,Благодарный,36644,"0e527607-a1cd-462c-9b85-f33ddea64ad0","07210501000",36642
г,Изобильный,36669,"82d67979-76e6-4c48-b5b0-18c0b969114c","07220501000",36667
г,Нефтекумск,36713,"47a5b97a-5cc1-4fa4-893f-0041590dd823","07241501000",36711
г,Светлоград,36857,"019979ae-6056-4ed8-98ef-48bded318dd2","07246501000",36836
г,Новопавловск,36884,d72c4e6c-59e6-4c02-9372-61f980f79cbd,"07225501000",36864
г,Ипатово,36952,"589a16ac-fb2e-46f9-b59a-98c18d34d908","07222501000",36910
г,Минеральные Воды,36975,"0be84f75-bbb5-4471-9d0c-dfa932f5df7d","07421000000",36959
г,Новоалександровск,37150,a0194045-d9a6-4593-9502-133cae983a3f,"07243501000",37109
г,Зеленокумск,37188,dcfa008b-e058-4be1-a409-18fc2b2e570f,"07250501000",37169
г,Михайловск,37247,"51007e5c-e430-4f18-912c-f88c7e73698d","07258501000",37246
г,Николаевск-на-Амуре,37295,"7a58fb7c-6d03-46e4-b5fc-3f5b587c09be","08414000000",265
г,Советская Гавань,37438,"64f0ebe7-00e4-40a0-9dd9-15f9293632ae","08418000000",265
г,Бикин,37543,"70dc89f8-f067-482a-bd50-4fb2782463e7","08406000000",265
г,Амурск,37545,d3c4b43d-3e19-4454-939b-d92ef3d6c875,"08403000000",265
г,Вяземский,38124,"6dbd1c8b-7c73-4ff7-9cbd-7062ac0cc88d","08217501000",38110
г,Свободный,38155,dd560dfa-3feb-48e2-aa3b-b71213e7441e,"10430000000",266
г,Райчихинск,38156,"981b5f3a-f0b6-444f-a6fb-c2bc10804b31","10420000000",266
г,Белогорск,38161,c528e99b-7e81-4290-9cda-8713884472a5,"10410000000",266
г,Зея,38163,"581855f4-f0bc-44a5-a36e-a298279f9ec4","10412000000",266
г,Тында,38164,"007e010f-e110-4a55-90a7-c4acac623c9b","10432000000",266
г,Шимановск,38185,"809f0591-bb18-40a2-9fac-7d3d0a22c0bf","10440000000",266
г,Сковородино,38191,"260c545f-883c-440a-852c-c39a65fe4104","10249501000",38187
г,Завитинск,38721,"7b39476f-0edb-4bc3-bb31-6cedfb2aa695","10221501000",38720
г,Новодвинск,38860,"3b0ef6c2-9bcd-44a5-afec-2723bd8190bc","11415000000",267
г,Мирный,38886,"977c7606-1b37-4424-84f7-b0c66c3e4b94","11525000000",267
г,Коряжма,38888,"782acb50-ddfa-4483-bcbd-a5e667976036","11408000000",267
г,Вельск,38937,"71051070-fce3-4a4d-a9d9-cd50f6dc6310","11205501000",38936
г,Мезень,39743,"8a49f67f-6c48-4160-bd1d-ebc188a69269","11242501000",39741
г,Сольвычегодск,39807,a56a44ee-f79d-4e51-b219-c3c828c7e0c0,"11227504000",39800
г,Няндома,41088,"491b0861-0da5-4781-9c2c-521df0ea7af6","11244501000",41087
г,Каргополь,41524,a670f317-f3c4-4dd6-9d27-fa68a8b28b6f,"11218501000",41520
г,Шенкурск,42555,"74a26d75-38a6-485a-9468-52dd7c6711fa","11258501000",42548
г,Ахтубинск-7,43262,"2d7d4ecf-626a-4e07-81ac-15cb043ca3d0","12205000000",43249
г,Валуйки,43806,fe7eea4a-875a-4235-aa61-81c2a37a0440,"14420000000",43709
г,Короча,43932,"76fecead-fc02-459a-bce4-848698e645fe","14240501000",43819
г,Грайворон,44363,"51c31ef5-10b3-4011-8e1c-7e7d452afd1b","14232501000",44322
г,Шебекино,44373,dc80ddf0-b1ac-4344-98e8-fcfa5295a0a3,"14450000000",269
г,Алексеевка,44466,"94969f84-fff4-4ddf-9677-b912b4b2aa3e","14410000000",44374
г,Строитель,44502,"19c9f6de-45cd-4c76-9839-abd571698ced","14258501000",44472
г,Новый Оскол,45223,f565b329-4041-4fd2-aa0a-debd5f7c3857,"14244501000",45121
г,Бирюч,45358,eaaf5809-d1e2-4d93-8f05-85dd598cc403,"14242501000",45277
г,Сельцо,45470,"485f4c4d-aced-4b94-b975-88e72b7dcb72","15425000000",270
г,Фокино,46016,"8d7c89e7-d9b9-4d7a-907c-a654b3a4d23d","15216504000",270
г,Новозыбков,46017,cf4dd9d7-d152-4140-bed2-59d8be5a4e2c,"15420000000",270
г,Стародуб,46021,"78e19000-cb0d-4e86-8205-242ee9de9e75","15250501000",270
г,Жуковка,46199,bd51e883-748a-4c55-ac0a-eee31be1433e,"15222501000",46103
г,Злынка,46245,"9491aba8-fbc1-4da8-8ede-8d49690c393a","15223501000",46204
г,Карачев,46647,"6f39b866-1fed-4add-aa00-e76992516660","15224501000",46499
г,Дятьково,46724,fd37b6f0-2406-41ca-86bc-57dd58fd71f4,"15216501000",46661
г,Почеп,47031,"434c6101-648e-4266-8aca-bbbc80856d7a","15244501000",47030
г,Мглин,47689,a4162075-13cb-4f4a-9974-ef042c8be149,"15236501000",47549
г,Сураж,47933,"565317d8-daf3-4df1-bf3d-6703b0d1500f","15254501000",47801
г,Севск,48271,"263c5f6f-335b-4cfa-a234-3c61488c3729","15248501000",48175
г,Трубчевск,48345,"7c080d22-1f3c-43b0-ba63-1e7de99724c9","15256501000",48273
г,Унеча,48630,"6a2d5db9-1871-4f1d-b226-bbc6b8400a44","15258501000",48511
г,Александров,48857,"59e55956-69a2-432f-b880-74cf8ec0b9fe","17205501000",48633
г,Струнино,48858,"9f490940-079f-4bf9-9931-48952c1bea4f","17205508000",48633
г,Карабаново,48859,"4f178a20-53a7-4032-b62b-7337315e0fc1","17205505000",48633
г,Вязники,48904,"0114e0c6-4060-4473-bc44-779e5a85e9dd","17210501000",48894
г,Гусь-Хрустальный,49144,aa4aa0d7-f97f-4974-9291-c0a530a1ccb6,"17420000000",271
г,Радужный,49152,c0ac6992-e48e-4648-b176-f56e7bcda57b,"17537000000",271
г,Киржач,49292,"115db243-1238-412f-a2a1-6d53ef30ba9e","17230501000",49177
г,Кольчугино,49621,"8f9faad4-ff93-471d-b0c0-c8e5c0162dee","17240501000",49484
г,Камешково,49836,"13cf312e-735f-4faa-8a7d-9a2622d50438","17225501000",49743
г,Гороховец,50016,e3bc9262-6bcf-42f8-a0bd-a8a00def58bc,"17215501000",49870
г,Курлово,50195,"4f68f8c7-bf54-48a6-8165-0313d75a83c2","17220515000",50022
г,Меленки,50346,"710f2d29-5c22-4d4d-be27-04713381c676","17242501000",50222
г,Покров,50510,f1c2252b-c3da-43f4-86ea-5f05812e99d5,"17246520000",50355
г,Петушки,50517,b7ba6bfc-4b0c-4b05-88bd-267d50b36850,"17246501000",50355
г,Костерево,50518,"50b6831d-52f4-4905-93d7-8e42812cd947","17246510000",50355
г,Лакинск,50812,"67eb946d-db25-4ad2-9852-6436ed35b39e","17250503000",50628
г,Собинка,50813,d33946c4-bda9-43a5-b5c4-1157ae28149a,"17250501000",50628
г,Юрьев-Польский,50876,"4859c31b-fba4-460a-9543-befc791da8a9","17256501000",50843
г,Суздаль,51099,f347f78e-f991-4b0b-bfbd-600ac927b009,"17254501000",51002
г,Судогда,51344,"469a6b26-cb42-4db7-8fe7-758b946956c4","17252501000",51150
г,Михайловка,51367,f02dbf6d-57ad-49bc-8011-603bf7126bb5,"18420000000",272
г,Фролово,51471,"57e3991f-e685-4ba2-9cef-9988e6fa5862","18428000000",272
г,Калач-на-Дону,51521,acc6220a-f624-4880-84d8-670319b0e25d,"18216501000",51472
г,Жирновск,51774,"1f9bda6f-45a5-4bf5-b1d8-434d763ea834","18212501000",51739
г,Петров Вал,51883,"02324444-36d6-4af8-a9af-15b77576adea","18218503000",51834
г,Новоаннинский,52157,"254f7c3a-fc21-4405-8779-eee0a7a5c63f","18238501000",52081
г,Котово,52348,"6a9dded3-afcf-46ba-9881-5048c3bec5a3","18226501000",52322
г,Николаевск,52377,"8680a7a3-5c93-4c0d-ae64-d828306b2310","18236501000",52350
г,Серафимович,52513,fb921dd7-0b8e-42a6-a5bb-3d1387f090d0,"18250501000",52439
г,Краснослободск,52851,"68e32d89-51bb-4030-b697-ceca53b9e740","18251507000",52792
г,Белозерск,53150,"9444e5a5-b164-42b8-b4ff-e3b4c157fc54","19210501000",53145
г,Бабаево,53451,e61e9415-3cdc-4e44-9cdf-a98662bab04f,"19205501000",53446
г,Красавино,54106,"78a546b6-196d-407f-a082-e7e85ff4acad","19410501000",53972
г,Великий Устюг,54189,"9db452cb-452a-4373-9610-a265b3b55653","19410000000",53972
г,Кириллов,55793,bfe722ba-8bfd-4dbd-acc5-73da667a0f95,"19228501000",55770
г,Грязовец,56351,aeee36bc-969a-4cc6-9fb3-5e237e776068,"19224501000",56339
г,Никольск,58004,"9b602724-8b73-4979-ae01-3ba8a22c93f2","19234501000",57915
г,Вытегра,58155,f66fbc22-445e-42ab-8f53-3de507d877c9,"19222501000",58153
г,Кадников,58477,eb52b8bf-131d-4250-9a09-c0d41a7d42ee,"19238504000",58467
г,Сокол,58489,"500b9e8f-79cc-4c35-b497-110f550d6615","19420000000",58467
г,Устюжна,59855,"3c2ceeea-04a9-4171-b4dd-341620290258","19250501000",59849
г,Тотьма,60343,"3a0d6df8-c23f-4435-83bb-9f97dd2e3343","19246501000",60084
г,Харовск,61544,e5e0513c-fc84-4373-b3ee-05f8382f8110,"19252501000",61147
г,Богучар,62301,"33b88f52-819d-4ba5-aa70-3fe4ccfd33d6","20205501000",62251
г,Калач,62362,"57a863b5-02a7-482a-8320-a3d165c4bfd0","20215501000",62302
г,Лиски,62367,e0a82358-88c2-44ab-b402-c450e1aa52a8,"20221501000",62366
г,Бобров,62706,"0a50bda2-e801-4e11-bcc0-8c6469d46a5d","20204501000",62658
г,Бутурлиновка,62756,b3c350d7-8c81-4016-b198-f197536e8321,"20208501000",62720
г,Воронеж-45,62781,"6bd80725-4a35-4c56-8940-8b17a51e9cfa","20213551000",274
г,Нововоронеж,62975,c7cdacb9-6a1e-4402-8bc6-6ec36a42d05c,"20427000000",274
г,Павловск,63057,f4a89d85-b770-4d58-b205-31165a9958b8,"20233501000",63006
г,Поворино,63220,"9cb55edf-0fb2-46af-8f00-02b15c2f1644","20239501000",63202
г,Острогожск,63562,"8434550d-dd9b-4bc7-8e5b-d43a991753e2","20231501000",63486
г,Новохоперск,63621,"43fe280f-6fa3-4a06-8daf-94586e2bea44","20227501000",63577
г,Эртиль,64095,fdbadb36-e4f6-4843-8f1f-80bd4fb4381e,"20258501000",64032
г,Семилуки,64281,"15d507b5-f67e-4ee6-9f25-683562699fac","20249501000",64096
г,Кохма,64499,"022e301b-514f-477f-9d1e-f60430c40429","24207504000",64498
г,Пучеж,65238,a85feb12-89e9-441d-956a-8510493cdc8d,"24221501000",65003
г,Приволжск,65496,"43706edd-5cf4-4400-8e60-03ea3660c25f","24220506000",65384
г,Плес,65500,"8bb29a7a-de9c-4c21-ad15-3af39f0a41fa","24220504000",65384
г,Наволоки,66000,"36d31ef0-a525-4be4-a6e9-28ced781dfae","24211504000",65787
г,Родники,66045,"90328f6e-d961-48ba-ab03-366d93df3c07","24223501000",66044
г,Заволжск,66375,"3bf1c329-e556-4d56-82d0-3b1b42b298da","24205501000",66344
г,Вичуга,66692,"3d518b4e-86b2-48d5-bcf3-48f107165918","24403000000",66512
г,Гаврилов Посад,66905,"3f81927e-bc4b-45c7-a962-b80c0e216115","24203501000",66830
г,Юрьевец,66921,be9d618e-8dc4-498f-aed6-03ce38f82683,"24237501000",66919
г,Фурманов,67197,"9d56ad01-abe9-4f14-89e5-9af4544b94b2","24409000000",67087
г,Шуя,67476,a6c7e92c-79cf-4b47-beb6-40192295c559,"24411000000",67324
г,Южа,67599,"16c1333c-8766-4135-a29a-e08f959e60bc","24235501000",67500
г,Тейково,67738,"09a16212-dcce-4f9a-be1a-515911beaba3","24407000000",67602
г,Тулун,67757,"869c2c69-e8cd-43ae-9596-e0be50c0fcfe","25432000000",276
г,Усть-Кут,67759,cfb0a55a-3314-42bf-b3d8-5ed5368abdd6,"25244501000",276
г,Тайшет,67765,"945ac8e1-b529-4cec-afda-f92c6a6b0f70","25236501000",276
г,Иркутск-45,67766,"664ba699-50ac-4a8b-999f-f8943da692ef","25401365000",276
г,Нижнеудинск,67830,"5d596a21-da89-4820-91ef-6ce3940a0c9f","25228501000",276
г,Зима,67836,"7c3452ac-3953-4b78-a80c-64ec839620a6","25420000000",276
г,Бодайбо,67839,"8ace6ae4-7a35-494a-bfbd-9a743a929c39","25202501000",276
г,Черемхово,67869,f05b68c4-f1c7-4c3d-b557-f1f44a57b85f,"25445000000",276
г,Свирск,67874,"17e498bd-5f9e-4221-8998-5fa24a35ed2e","25427000000",276
г,Вихоревка,68451,"04bc8726-0523-4aeb-8450-fe07ff425372","25204503000",68391
г,Киренск,68653,"1ea67233-631c-49bf-8d7c-1a17fc785e97","25220501000",68640
г,Байкальск,68793,cd4477e8-3335-442a-a0a4-9429a52f5c52,"25234508000",68792
г,Слюдянка,68800,"31802bef-b635-49b2-866d-1d1006e3081e","25234501000",68792
г,Железногорск-Илимский,69047,"31ba5d12-ae5b-4cc0-8892-2a504423ee61","25226501000",69025
г,Алзамай,69167,a7812582-bd5d-4d13-b284-d2b052265e9d,"25228508000",69073
г,Бирюсинск,69600,"5b646190-2037-409f-bf0f-6fb8194a0581","25236508000",69517
г,Зеленоградск,70348,"448d8a42-8ebf-4ca5-a9f2-98efb532630f","27215500000",70254
г,Гвардейск,70426,"8f9e9cc0-711f-470a-9fff-2a65c00c8439","27206501000",70383
г,Ладушкин,70452,"04950f38-5c4c-4989-8b7a-6224795a2b59","27203505000",277
г,Мамоново,70453,"2942ef2d-01b0-4137-8f46-5228e9eedd7f","27203510000",277
г,Пионерский,70454,"9fee1c1b-9d14-42ea-8ff9-2e903501d43d","27417000000",277
г,Советск,70455,e401208f-3469-403f-910b-bba057cf70b2,"27430000000",277
г,Светлый,70459,"6d379259-b8d5-4cca-9412-1ded0849fd1a","27425000000",277
г,Багратионовск,70575,"427dc561-3277-43bd-a310-7c1953a3c8bd","27203501000",70477
г,Гурьевск,70585,"27bc7f09-4593-4972-950b-231f2a49d44b","27209501000",70576
г,Гусев,70731,"66cb21da-0212-4d22-a2a3-f1badcd3a9d4","27212501000",70730
г,Краснознаменск,70812,"40c2a58b-8f84-4b30-8a22-038efe4f059a","27218501000",70772
г,Нестеров,70834,"4fb71afc-f221-454e-9edf-d6fd9ee07418","27224501000",70831
г,Озерск,70895,"19620317-39e8-4a09-af7e-67b136ef61fe","27227501000",70889
г,Славск,71062,f731c104-431c-494c-b4e8-f97ccaaf71b9,"27236501000",70994
г,Черняховск,71073,acde8f61-fd56-4cec-a4df-1f033e2a63ee,"27239501000",71067
г,Правдинск,71199,"2b3f4c49-0e5b-44c8-bf56-a335eb551c23","27233501000",71177
г,Полесск,71325,"27fd5628-fbd7-4641-abed-b213af6029b8","27230501000",71304
г,Неман,71386,"180fcdbd-95b4-41f5-90f5-cbe9b9c83da7","27221501000",71381
г,Светлогорск,71435,"19436029-357a-435b-8156-b01fba4ea8a5","27420000000",71432
г,Балтийск,71451,"97323948-09db-411c-8e9a-43ad2ec25687","27405000000",71441
г,Приморск,71454,"5f19f5f2-55b1-4796-9610-8a73eeefcaf1","27405555000",71441
г,Белоусово,72192,"4601e932-0ca3-474f-a8a6-e67cc034b346","29213507000",72185
г,Кременки,72193,"73c0bcae-5da5-4796-9084-9b9e5905d501","29213510000",72185
г,Жуков,72377,"53f014ee-1074-4f90-b948-9e5219e24b9b","29213501000",72185
г,Сосенский,72388,"44326142-0196-4cec-abcb-79853fe6cfd4","29216504000",72386
г,Козельск,72392,adc77035-406d-4cb4-9bcc-094c89ac67fc,"29216501000",72386
г,Балабаново,72581,ef65fa9c-6516-4175-a00a-6410a4a6f2d6,"29206505000",72579
г,Боровск,72590,db14bfff-fea7-469e-82f4-ccf4209d6753,"29206501000",72579
г,Боровск-1,72599,cd7ca0c7-8184-47fb-aff6-0bfb5829aaa9,"29206501000",72579
г,Ермолино,72601,"0c66ce29-8464-40ef-a11d-e8e6df7475fd","29206507000",72579
г,Киров,72802,"7c875ac0-5c75-4798-8786-564ccb5bd9f2","29214501000",72720
г,Спас-Деменск,72822,"30745bd5-b803-4327-baf9-006f25353acc","29234501000",72818
г,Кондрово,73462,"9ea37890-3ec5-4425-8e41-f60d1844335d","29208501000",73458
г,Малоярославец,73783,"72cb3a9a-0180-4619-ac08-07e762e58e6f","29223501000",73777
г,Мосальск,74060,"4ae6d306-349e-4fb8-9ce9-7c3735d3c4e6","29229501000",74047
г,Таруса,74248,"31a0a531-a20f-4ccc-a370-551cd9867b0c","29238501000",74237
г,Медынь,74641,df03aec4-0859-4f40-9f51-90b2ed2f83ef,"29225501000",74640
г,Юхнов-1,74781,"74294d99-983b-4c10-973f-abd8bcdbe358","29250501000",74779
г,Юхнов,74782,"503b2859-0304-4e8e-b627-8f611ff27d5e","29250501000",74779
г,Мещовск,75194,"9b4890ea-75d9-4464-96f1-077c8a9c7e34","29227501000",75025
г,Сухиничи,75224,"84778f7b-bf8c-45cc-84e1-dfd136368e6a","29236501000",75206
г,Вилючинск,75698,b75a9701-5cd4-4623-99d5-4fa7463ceb47,"30535000000",259
г,Елизово,75728,"3da129ee-9b72-45ec-bef9-07b69e1eed4e","30402000000",75699
г,Киселевск,75850,"36122f01-1666-42e0-9c65-937787e8ca45","32416000000",279
г,Калтан,75856,"5000e677-7d3c-4eec-b01d-f3f192abbd41","32415000000",279
г,Осинники,75864,"1efff7c4-448a-48c5-b476-c803b4d36842","32434000000",279
г,Мыски,75866,"070a8e7b-038f-48c8-9eed-16a6c03ab899","32428000000",279
г,Анжеро-Судженск,75884,"8a5314a4-903e-475c-a4db-8f03db3b793f","32404000000",279
г,Тайга,75902,"4da6f430-f531-42f5-9176-1f6cf7ba6367","32440000000",279
г,Юрга,75926,"988289f5-d6d0-40d5-a483-55983e11c033","32449000000",279
г,Полысаево,75940,"34ac1b24-f541-4279-abfb-466f80ed1f7b","32435000000",279
г,Белово,75943,"1346744e-8a64-4712-8939-bb84a1692874","32407000000",279
г,Гурьевск,76287,"9924881d-bc20-4e72-8c2e-e4cf415c93c1","32413000000",76260
г,Салаир,76291,e7459805-4536-4037-9113-4b9b53893807,"32413504000",76260
г,Мариинск,76645,"34a2e393-69d3-4258-8daf-a6290a14b06e","32422000000",76589
г,Топки,76729,"5a6d8be0-aa32-4344-9a4d-89fdb4c94ae8","32446000000",76728
г,Таштагол,76927,"6be8ac27-9aa0-4784-ba97-a15f066995d9","32443000000",76835
г,Кирс,77253,"31ed73ca-6927-4243-9618-36de284ab038","33207501000",77189
г,Белая Холуница,77330,"49e2b1b5-771f-4dfd-9428-e74cd055d113","33205501000",77288
г,Сосновка,77968,"9e9afbb6-8de5-4765-a69f-2c4dfa498006","33210504000",77938
г,Вятские Поляны,78002,"7ad714c1-1136-4c39-84c1-17e15dbc5aab","33404000000",77938
г,Луза,78271,"9e22dc47-e0df-407b-8448-39ca682e3fd6","33222501000",78127
г,Зуевка,78534,fe3dfa87-0363-4fbf-9a2c-dcfb237f6943,"33214501000",78455
г,Нолинск,78741,"03e15a08-649a-44f9-93fb-0be35ce2fb5f","33227501000",78713
г,Мураши,79107,"20b2bc28-9404-4c1d-9e50-783338c1ea3c","33224501000",79057
г,Малмыж,79613,"2193594d-ddaf-42b6-9dfe-95cda00ba520","33223501000",79505
г,Орлов,80908,"0302ec51-eea9-4343-9248-ce4878ca465e","33245501000",80776
г,Советск,81550,"2fa0734f-2b29-49d5-862f-29f15d88a402","33236501000",81431
г,Уржум,81829,"759037c3-6408-4466-afe4-b10adc4edff4","33241501000",81707
г,Омутнинск,81923,"9039bbb5-93a8-4172-b97c-af2b9abbb614","33228501000",81871
г,Яранск,82424,af4098b9-6200-450a-999f-6e732cbdbac3,"33250501000",82264
г,Галич,82906,f2bc7c4a-cf05-48da-aed1-9abd3c57925b,"34408000000",82899
г,Буй,83819,"9180ffd0-7f8d-4fdb-a284-583f27e378eb","34405000000",83536
г,Волгореченск,83820,"40eb94b1-c51e-455c-92af-7dafaaa92caa","34406000000",281
г,Солигалич,84189,"35df6629-3c19-4285-8a6c-559750ec36ae","34240501000",84171
г,Мантурово,84371,b045e8f1-b705-4211-862a-101df62b4feb,"34414000000",84365
г,Нерехта,84764,d8fcde72-38b9-4032-9670-fa496983e62f,"34420000000",84753
г,Макарьев,85077,dda6ff96-ff7e-4ea0-a9eb-6bfefe3b1ec8,"34218501000",85073
г,Нея,85221,"39d5f8b9-551c-42ee-8fbc-d44ceb427b47","34422000000",85219
г,Шарья,85341,c78b9b9e-ace7-46d0-9f6f-c259d7f65e4f,"34430000000",85331
г,Чухлома,85577,fbadac52-08d8-46f2-b2c6-d272b79f36c1,"34246501000",85570
г,Кологрив,85793,"2382db41-3085-4e55-a612-d597535ae960","34212501000",85791
г,Шадринск,86729,"7870abeb-8b0f-4899-920b-3ab8ff6024c0","37405000000",282
г,Куртамыш,87048,"167681ea-0c54-48e2-8c4b-c03f71c9c248","37216501000",87047
г,Катайск,87166,a0d524d7-5863-4a73-be5b-c165ad2f5e74,"37212501000",87143
г,Далматово,87259,"7a5390a0-3cde-4616-92f4-8f59b9a4ad5c","37208501000",87245
г,Петухово,87497,a476869f-895d-4764-8c88-c406a092f124,"37226501000",87468
г,Шумиха,87673,"79685d02-4ac3-42a0-905d-f123918ca296","37242501000",87671
г,Щучье,87724,a7b4ee16-32cf-4f35-b1c7-f7ab4e458823,"37244501000",87722
г,Макушино,87958,fe024a51-2da6-4ce6-b727-493a829741ad,"37220501000",87935
г,Курчатов,88193,a6d4bd96-8c96-4c15-86df-73087f55534d,"38408000000",283
г,Щигры,88221,"9382c84c-3d08-4136-a674-9402da0b9e40","38415000000",283
г,Льгов,88222,"6fe805e1-1dde-42cd-821e-173ffe50885d","38410000000",283
г,Дмитриев,88303,d3ce7d17-c746-4ea3-a564-34903b79a3fd,"38208501000",88224
г,Обоянь,88452,"60d797fd-62b0-4705-9f5b-aa0a67c5c749","38226501000",88364
г,Рыльск,89108,fa2b3c62-6e92-4155-a981-d19ea4999342,"38234501000",88982
г,Суджа,89214,abd43820-a1d4-4e16-adb4-8532959b6e98,"38240501000",89133
г,Фатеж,89391,f5c96821-4438-461c-b5da-2c812cd0bc0a,"38244501000",89389
г,Бокситогорск,91447,"1a12dc30-ca4c-480f-89dd-31452648b493","41403000000",91358
г,Пикалево,91466,"0a243487-acce-4775-979a-5a08e8c62da6","41440000000",91358
г,Сертолово,92267,"79b806cd-e36c-48fc-b82c-8cbb5cfd9450","41450000000",91652
г,Всеволожск,92289,c70a5280-c482-4f6e-801a-cdd6851eab50,"41413000000",91652
г,Сосновый Бор,92726,f4a4b31f-9f0a-4fdb-804c-d67661085eb4,"41454000000",284
г,Волосово,92974,eb8a9d09-6728-43fe-b3d1-21a2c804b40c,"41206501000",92917
г,Новая Ладога,93183,"2145f2cb-3ec2-4c1d-bd52-f84b2858c6a9","41209504000",93168
г,Сясьстрой,93338,f59186fa-b4db-4b2d-88b9-e3fde4a90690,"41209508000",93168
г,Кудрово,93609,f66360bf-178b-46ab-b828-f6c01575ebe7,"41212812002",284
г,Выборг,93611,a4a3e3af-ce5a-4eba-9aae-36c350fa7fec,"41417000000",93610
г,Каменногорск,93783,"58399f33-3e18-4921-950a-ac0fa5f9e97c","41215506000",93610
г,Высоцк,93830,f0a4b813-7189-4bd4-8a3a-aaa7fbed4711,"41215504000",93610
г,Приморск,94001,"878aa7cc-76f0-42c8-90f5-3489f43c169c","41215508000",93610
г,Светогорск,94022,d4789972-b71d-4e70-9af8-f4acfcf80c71,"41215514000",93610
г,Ивангород,94391,"752d9929-945c-4464-ae38-20a626108da9","41421000000",94300
г,Кингисепп,94414,ef14bc6b-dd76-4264-bb40-c0fd8a60985b,"41422000000",94300
г,Коммунар,94939,"459dca99-04ff-44fb-af9f-7e2100ec28ac","41218505000",94620
г,Шлиссельбург,95606,"5a543514-a133-431c-919e-8a61c2261783","41475000000",95605
г,Отрадное,95731,c4602384-ff62-4e0f-bf4b-06a5c653702b,"41225504000",95605
г,Кировск,95952,a1535e5e-c151-431a-a4c4-954d4545e37a,"41428000000",95605
г,Подпорожье,96016,"6d13b512-6d25-413a-ab29-3d9ade960f3a","41442000000",95953
г,Луга,96134,d9135f5d-627e-441d-b208-9087ee0367dd,"41438000000",96067
г,Лодейное Поле,96564,"5f52edf9-92aa-4e69-9314-e629c45ec1d5","41432000000",96452
г,Сланцы,97012,a7a1a8e5-45b2-4542-b718-0976702ccd90,"41451000000",96902
г,Тихвин,97277,"86ec26f6-d980-4c40-b4ce-77e1638ec8ad","41460000000",97075
г,Никольское,97430,"43cb88de-fa89-4027-b3ef-84deb2d32ce5","41248508000",97316
г,Тосно,97525,"165119d1-6555-4473-8b90-46ec517b4076","41466000000",97316
г,Любань,97630,cda96dc0-75b2-411b-b995-16cc63fcfa05,"41248505000",97316
г,Приозерск,97963,"59a9c284-72fb-49e6-8380-10ca044d0bd7","41448000000",97658
г,Грязи,98210,f073b28a-b8f8-4eee-adfd-cfbf769c6771,"42206501000",98132
г,Лебедянь,98281,d8a96228-5392-4c32-98cb-6a7ac20db942,"42233501000",98280
г,Данков,98511,ad0cefe8-456d-4cac-bee3-c3e910187f4a,"42209501000",98510
г,Усмань,98814,"1b3ce1ae-6edd-464b-ab82-79237510cd5c","42248501000",98805
г,Задонск,98876,"4c035f08-697c-4ad0-9c8e-7b7a8a385974","42224501000",98872
г,Чаплыгин,99674,"4aed94c2-977d-41cc-bc72-312026ec4117","42256501000",99668
г,Дубна,99825,c86ad06c-c721-4a7e-aa06-f622eed83b6f,"46418000000",287
г,Протвино,99831,"9990bc45-c7c1-407e-bdd2-5526e4f742d2","46467000000",287
г,Пущино,99833,"49579edb-77cd-4967-9ef2-5530c4076067","46462000000",287
г,Звенигород,99836,"4bae8c68-e107-4352-9d4b-f937f90469ac","46430000000",287
г,Рошаль,99861,"377ca4f0-3268-42b4-bf68-af98c3682503","46465000000",287
г,Красноармейск,99862,bc5d23ce-e886-4dc7-976c-6b8be6d501d2,"46443000000",287
г,Бронницы,99886,"582fae29-5955-4dba-9f77-ebf9a8e60827","46405000000",287
г,Краснознаменск,99891,"6e8a99b2-e6bd-4169-acb3-f7e6cd53be3b","46505000000",287
г,Домодедово,99892,d177d438-ea69-4169-854c-d4512d7c8ebe,"46409000000",287
г,Климовск,100089,"5a11404e-3a4f-4943-b60c-51480729dcfb","46436000000",287
г,Железнодорожный,100093,c8b7d7f3-857f-4acf-aeac-2b6e9aebc760,"46404000000",287
г,Долгопрудный,100105,dcf522ad-e032-4db9-9dbb-e30d2cddfadb,"46416000000",287
г,Дзержинский,100166,"6fa8b59c-cda7-4c98-8b41-e0bcb2867e16","46411000000",287
г,Котельники,100167,"67488a01-ccb7-4638-bcad-117db0fbe9a3","46444000000",287
г,Лосино-Петровский,100170,"96c869d9-51a8-4db6-8011-9fc459c9a78c","46442000000",287
г,Черноголовка,100257,"70c5b1c8-43ec-471f-b3df-fd6f60557332","46485000000",287
г,Электрогорск,100331,"091e36e6-fab6-477b-8b07-9151cbeb9cd5","46491000000",287
г,Егорьевск,100429,"17a3426e-add6-4b2e-b4b1-6f36da02b6ab","46422000000",287
г,Озеры,100960,e778b800-b432-4150-82fd-d415911fb700,"46456000000",287
г,Волоколамск,101038,ca8fb626-709c-4851-a8d6-cbfd592c3bf8,"46205501000",101020
г,Яхрома,101442,"4e503ad8-0372-4434-888c-f111ed78040c","46208505000",101428
г,Зарайск,101941,"98e62df9-591a-45af-876e-471060d057aa","46216501000",101885
г,Дедовск,102114,"05b3833e-37b3-470e-bf21-78adf1eec36f","46218503000",102064
г,Истра,102131,f05b2b62-f54c-4b44-aff2-6bc3e55a640c,"46218501000",102064
г,Снегири,102175,"44ace296-ec38-4e27-bd50-526f377160b1","46218822000",102064
г,Истра-1,102342,"09cb7adb-5412-41fa-889f-316096f2699d","46218501000",102064
г,Ожерелье,102410,"529c9e8d-7985-42bf-822a-fe48acfcf619","46435000000",102371
г,Кашира-8,102411,"6f938860-2c53-4e11-9b6f-12b621e84b32","46435000000",102371
г,Высоковск,103079,a8ad4e79-a4c9-4f2e-ade5-a7fa3ab0da03,"46221503000",102987
г,Видное,103293,"9a72b510-9413-41d8-b076-576fbfd78404","46228501000",103276
г,Наро-Фоминск,104085,"08c78435-6ed8-4d7f-a7ed-3f73e2fa6359","46238501000",104084
г,Городское поселение Апрелевка,104089,b22c466f-f757-4be4-9fe1-19b6fa176a93,"46238502000",104084
г,Городское поселение Верея,104090,c11b1f9f-71e3-43f4-83ee-5d72edba3d49,"46238505000",104084
г,Городское поселение Киевский,104091,"6c8a4f4b-e02e-47f6-b2b5-d0603fcd0026","46238558000",104084
г,Городское поселение Кокошкино,104092,"9c750ecd-e6b8-4d5f-ba5d-067f9da48772","46238560000",104084
г,Городское поселение Кокошкино,104093,"138c1e9c-fc11-4977-9cf5-ba29b52ee4f0","46238560000",104084
г,Городское поселение Наро-Фоминск,104094,"885cd671-dd5b-4905-88d8-ff984cec6251","46238501000",104084
г,Городское поселение Селятино,104095,"969cced2-68d0-4b65-8ca4-cbfd9bd54809","46238568000",104084
г,Апрелевка,104222,"17b4ba8a-4300-44e4-bbf7-5f0a8118ddf5","46238502000",104084
г,Верея,104324,abda86de-97b7-4098-9d09-e1835c6e8797,"46238505000",104084
г,Старая Купавна,104388,d49d936b-188f-4186-b2db-47e4b36682d6,"46239503000",104363
г,Электроугли,104390,"27fda454-386e-4618-8c08-4e639a0a8bc1","46239505000",104363
г,Черноголовка,104455,"6a1348cb-b0bd-4123-8a3b-678b88ee9f08","46485000000",104363
г,Черноголовка,104456,"4ffaaaff-99f8-4222-9093-d8f79f35fb07","46485000000",104455
г,Кубинка,104516,"50341359-842b-4ba1-b7f2-398a7b72f829","46241510000",104502
г,Голицыно,104520,"963efb34-c804-43b4-9298-8e145d188ed0","46241504000",104502
г,Дрезна,105034,"70643e37-137c-4e66-a06e-22feb7784740","46243504000",104852
г,Куровское,105035,"9eb64ec8-9b97-465c-8c4d-ae667862dd62","46243508000",104852
г,Ликино-Дулево,105036,"4ae832d1-e532-45a2-b8a7-8f29aa0149e9","46243513000",104852
г,Руза,105380,"9e6c2327-d7ee-49b1-b36c-0bfc0eb5f145","46249501000",105371
г,Солнечногорск-7,106197,"42a7ddc1-5fe7-4e35-90ce-26b177ee96a3","46252501000",106196
г,Солнечногорск-30,106207,be22a0bf-7729-4681-ace4-89ee8f0a57f1,"46252846013",106196
г,Солнечногорск-25,106208,"1cc18f0c-30e5-4b0e-a4c5-da4d4b1d0dc5","46252828015",106196
г,Солнечногорск-2,106211,e3cd4681-78eb-4c32-9541-718d5f3e9d65,"46252501000",106196
г,Краснозаводск,106672,"6bec0be0-e5a7-4bf1-907a-9a1dadedc867","46215503000",106639
г,Хотьково,106713,"6cdcecfe-4d41-426c-bac4-034348f7068b","46215506000",106639
г,Сергиев Посад-7,106771,fe2d9e18-0ca9-471b-b169-c0a083d62d49,"46215501000",106639
г,Пересвет,106773,ea80b93f-7a37-455e-a42c-33f13ab8bc06,"46215505000",106639
г,Талдом,107065,"5f2757f9-6cb1-41a6-9610-ee4f73a2f803","46254501000",106991
г,Сходня,107174,eb43ec88-5c3c-422e-a08f-4d1ba4ec8ffb,"46255504000",107173
г,Чехов-1,107178,"408130a1-180e-46fa-adea-3cda82b81c79","46256501000",107176
г,Чехов-4,107179,"805339c0-9b5c-4ee6-acb6-e0130cf89083","46256501000",107176
г,Чехов-5,107181,e106ff3e-11f5-4bca-bde5-5899c1ea2f7d,"46256501000",107176
г,Чехов-6,107182,"2e1e9915-97f8-4292-b8eb-7e015d86511e","46256501000",107176
г,Чехов-7,107184,de46156d-aaf1-444d-b25c-93c6d35bbf17,"46256501000",107176
г,Чехов-3,107199,"88607491-9d22-4951-b5c9-26b8c7329944","46256501000",107176
г,Чехов-8,107200,be8f7c67-630e-4e8f-81f6-b84d75438bcc,"46256501000",107176
г,Чехов-2,107303,f03de9b6-8f24-49c2-896b-5b0cbe4ede08,"46256501000",107176
г,Ступино,107371,f516f0a9-3882-42fb-ae68-87a433e83e06,"46253501000",107350
г,Шатура,107808,cd6486b7-fd7a-4da8-b7f3-420d6e16b07b,"46257501000",107607
г,Сусуман,108012,b617d714-cbce-4abe-bf0d-668be5e3d670,"44213501000",108005
г,Оленегорск,108060,c5fe1817-5163-4e3b-b06a-36d322c6bf57,"47417000000",288
г,Оленегорск-2,108070,defed7b3-d1f0-4dbb-baa8-03bdaffa2b18,"47417000000",288
г,Заозерск,108072,"81a88076-04de-46c9-940a-3cb300e70e5b","47533000000",288
г,Североморск,108073,"53e652bc-dd1b-44e1-9ab2-401b04cf3ceb","47530000000",288
г,Оленегорск-1,108084,d9553f4e-bbf6-4cc2-8f82-523a56265e56,"47417000000",288
г,Островной,108085,"0a358e8a-d3c4-45e5-b9fc-126092afd6f5","47531000000",288
г,Полярные Зори,108094,d70b2917-8cea-4555-a9fe-6d2c72d8d9cc,"47419000000",288
г,Снежногорск,108098,"22e4a0a6-68a6-47bc-a08c-11610ec6231a","47527000000",288
г,Гаджиево,108102,b77147ce-b55e-4019-9aca-ed3872b9fbb0,"47529000000",288
г,Кировск,108105,f658a2c0-1f7d-4423-9465-e55d3553bf86,"47412000000",288
г,Апатиты,108109,f0851e80-59d9-400b-b6d5-5f5f623bb29d,"47405000000",288
г,Оленегорск-4,108112,bf95a4e0-9adc-4111-badf-efbddfc9547c,"47417000000",288
г,Кола,108163,"866ace16-21ff-49c4-af8d-b74ef0e80208","47205501000",108122
г,Ковдор,108194,"01cc7377-a3a7-4793-9c77-52e3ef66a6ff","47203501000",108175
г,Заполярный,108228,"304cb068-e1d1-4947-944f-07c38cd8db6e","47215503000",108212
г,Кандалакша,108235,"30fa6bcc-608e-40cb-b22a-b202967ff2a6","47202501000",108234
г,Бор,108274,e736e903-6bc3-450b-b8af-7909213dc9ef,"22412000000",289
г,Шахунья,108673,a5d97e2a-acea-44c0-92d1-1f107fc472cd,"22458000000",289
г,Семенов,108920,dacc69b0-38df-462e-b346-26541cb9c0b8,"22437000000",289
г,Первомайск,109112,a72a0367-92a4-4ec3-9aa2-2397039a3d70,"22434000000",289
г,Богородск,109633,"17962cbc-48c7-43d4-b174-c35485d114e7","22207501000",109501
г,Балахна,109898,"275737a6-dee6-493b-82bb-ca5c3c97b24e","22205501000",109857
г,Ветлуга,110044,aa1e00f2-a813-4f3d-b74a-9f9d73bfb1ff,"22218501000",110014
г,Володарск,110497,b92c9e2b-161d-4043-87ef-ed255529f7c6,"22231503000",110467
г,Княгинино,110575,b3350a67-b3c0-47b2-afb3-2b308227a89e,"22233501000",110573
г,Заволжье,111151,b1a903c2-9bdf-4a10-8e4b-e34d7b8d7dc3,"22228503000",110848
г,Городец,111158,a80ea6a8-87f3-4621-89bb-eeb16f56ef94,"22228501000",110848
г,Лысково,111797,"978c4d8c-f724-43b1-aa95-0c1fc49dc6b7","22240501000",111795
г,Лукоянов,111981,edc07c38-090b-4990-9484-af85752c484f,"22239501000",111980
г,Перевоз,112056,e3ff7ef2-92b6-4ab7-b2ff-4d58cab73dbc,"22244501000",112054
г,Горбатов,112195,"9e79f812-d4b6-48d6-97c3-aa94c102de3e","22242505000",112118
г,Ворсма,112212,cd695c84-0b68-4d4c-8068-76e9bba1228a,"22242503000",112118
г,Навашино,112263,"87f58ce7-8bad-4b33-9654-907bbd18d36a","22430000000",112213
г,Кулебаки,112280,a1c8759b-a656-454b-ae31-b4670c6e7dc8,"22427000000",112278
г,Чкаловск,112940,"46659847-4fed-4981-bdaf-d260874864ee","22442000000",112935
г,Урень,113404,"0e7e2d6e-7217-4624-857a-67b2300c0952","22254501000",113270
г,Малая Вишера,114757,"58fbfb62-6e1e-402d-8c8d-c8ec722f4a5a","49220501000",114588
г,Валдай,114976,a9075bb6-f2b2-497f-86e1-fe3d9592c075,"49208501000",114760
г,Окуловка,115147,b9e66b8f-b027-4e77-8466-55ba3be0b42b,"49228501000",115123
г,Боровичи,115911,ae2f372e-7df2-400c-95f9-4b0522567634,"49408000000",115585
г,Сольцы 2,116222,c46522ae-46ef-4364-9968-6adca25cfd20,"49238501000",116041
г,Сольцы,116228,c2f4a34c-80b4-4aea-a45b-d932909cccc0,"49238501000",116041
г,Холм,116394,b12ce6eb-00e8-4d54-b309-14569350f346,"49247501000",116229
г,Пестово,116938,"4ad123c8-0130-4432-9d6c-e64946f2d647","49232501000",116716
г,Старая Русса,117548,bc4e8fbc-54dc-4114-9c48-fd7a9b3e2e5c,"49413000000",117239
г,Чудово,117650,a084418b-c41f-4086-9009-0adb7e9117bf,"49250501000",117553
г,Болотное,118039,"7e18e6d0-f7e1-4ada-a845-cc7ab5431a1a","50206501000",117960
г,Бердск,118179,fd0191f4-4687-42d9-be64-4ebc7824bd08,"50408000000",291
г,Татарск,118221,"17f3169d-63c5-4c04-9395-298333f7e0f4","50418000000",291
г,Обь,118222,"8571e389-8c43-4c36-afae-b532d078c928","50417000000",291
г,Барабинск,118224,"0133a54d-617a-4682-8885-e22c85588be8","50405000000",291
г,Куйбышев,118225,"1b70e712-092e-4c45-9984-af3a2c7cfdd7","50415000000",291
г,Искитим,118226,"6965fcac-b7e4-4cab-ab35-a591ed65edf5","50412000000",291
г,Карасук,118291,"23d59dbe-1aed-4564-84da-fe921f9ce294","50217501000",118227
г,Купино,118814,b1467e32-e362-4e64-b5d7-0d7deba77505,"50232501000",118736
г,Каргат,119175,f3a2db25-007e-4830-b460-e763ced3a642,"50219501000",119123
г,Черепаново,119370,e849dc37-0f3b-4a66-8f0e-780c75927025,"50257501000",119310
г,Тогучин,119543,"579da04d-579c-4ef7-8f84-aa63088be55b","50252501000",119417
г,Чулым-3,119613,"9124a5f6-09cc-4a10-a9d3-06e47c241309","50259501000",119611
г,Чулым,119683,bd136162-7404-4915-b456-239426f78b94,"50259501000",119611
г,Называевск,120389,db2e2372-fed9-426b-a861-e64e2201f225,"52413000000",120321
г,Исилькуль,120643,"097baa31-3a80-4fea-b34b-c613fbd8730e","52405000000",120592
г,Калачинск,120703,fc59f020-5c8e-45e8-baf5-c9069a61e4a9,"52410000000",120648
г,Тара,121429,"191443b9-a283-4368-a09d-0a98f16c7dc5","52415000000",121347
г,Тюкалинск,121520,"10959db6-8297-49eb-93e9-2bb7641898ce","52418000000",121447
г,Новотроицк,122094,"5cb431ac-6645-47b2-9716-5fccc9ec1d7f","53420000000",293
г,Бугуруслан,122205,"680f6208-865b-43b4-ab24-1f42f51d2c33","53408000000",293
г,Медногорск,122224,"86204c33-b552-4ebd-a93a-9dc8b274ee9c","53415000000",293
г,Гай,122232,c9a3cd9e-a133-4de9-aafb-a6e0b664312c,"53413000000",293
г,Кувандык,122275,"7644221b-0ef9-40c3-8378-cb0e2299747e","53414000000",293
г,Ясный,122279,c30ba5a3-1222-4fde-a8d0-ef2d8494e4c8,"53432000000",293
г,Соль-Илецк,122545,d2d93864-f4a5-4ac2-b953-b230cc9d0fa0,"53425000000",122485
г,Абдулино,123542,"5e796fe8-2870-4a24-a14a-5669ca0141e5","53404000000",123535
г,Мценск,123852,"76f2780b-0f1c-4818-98a4-13da5c8a2c80","54410000000",294
г,Болхов,124334,"4393f437-1a48-4083-bed9-ad3382fdad16","54204501000",124084
г,Дмитровск,125177,"25748825-cbac-4a45-b3d6-4770c3872478","54212501000",125020
г,Новосиль,126089,"5f17239d-7e83-4e7d-afcd-b94e451465c9","54243501000",126005
г,Малоархангельск,126695,"2afa3f40-891a-4640-a1cf-af9a5a6d1eb7","54232501000",126603
г,Белинский,126983,ea57fb75-444f-4f54-b89e-d66ac91774ba,"56212501000",126976
г,Спасск,127114,d005a0db-1deb-4728-a800-1e423fa804df,"56206501000",127081
г,Заречный,127199,ff38fc0c-d739-4627-a2f4-58af8f3d9d42,"56534000000",295
г,Кузнецк-8,127253,"04223a86-48d0-4a78-889c-93a6aa676199","56405000000",185
г,Кузнецк-12,127254,"24c0027f-46c8-45dc-88d7-c706eb7d198d","56405000000",185
г,Нижний Ломов,127374,f852d3a4-5d39-4a1b-be4a-f20ca9c4e60c,"56251501000",127301
г,Каменка,127382,e5313349-e01d-47a2-b329-b1629c243520,"56229501000",127380
г,Никольск,127725,"6e26041a-db1c-4f41-93f1-f056ab0b70ef","56253501000",127707
г,Сурск,127918,d8f506c4-a1e4-4524-b997-8651cb6f0af0,"56218508000",127834
г,Городище,127919,b9d45c36-c679-40bb-8168-7ab78913a2c7,"56218501000",127834
г,Сердобск,128898,"20c2c219-f4a8-4d07-93c9-72bd6766c0b6","56256501000",128839
г,Губаха,128900,"1dc365d3-60b1-41ea-a3b3-1c599024cf30","57415000000",262
г,Гремячинск,128909,edeaf203-1bc3-4fe1-b3ed-15eb89978783,"57412000000",262
г,Кизел,128916,cc8b9eb5-bd4e-4472-8314-f889e8a6679c,"57418000000",262
г,Кунгур,128933,"73e5113d-949a-4a9e-8e44-6eae9ef93747","57422000000",262
г,Александровск,128940,"4f07ade1-1415-44c8-bed9-e851f1ef558d","57405550000",262
г,Добрянка,128994,"230c2f4d-fd9d-46fc-8bbd-b8de26810790","57416550000",262
г,Соликамск,129161,"8b698775-fe5e-4fc0-9f0d-272855d82d15","57430000000",262
г,Кудымкар,129165,d36590ad-0286-44a2-876d-7732deee4234,"57421000000",262
г,Чусовой,129166,"784b1911-182d-476b-a4ad-0f3fa1ef7777","57440000000",262
г,Лысьва,129255,"5d7c95a5-a4d7-4fb4-9774-93e527636a9e","57427000000",262
г,Чайковский,129323,"06d7a6d6-8f57-4e5a-b698-2bc44c92bb84","57435000000",262
г,Верещагино,129406,"9bd0970e-7fbb-4a64-a625-af7670526dba","57212000000",129385
г,Горнозаводск,129870,"17644b43-80ff-4dea-b823-3b9dbf9e9ef0","57214501000",129866
г,Чермоз,130561,"8f353d4e-1374-4a88-a06b-51c6a3f9acd1","57220504000",130018
г,Нытва,131078,a49957ba-7860-484f-bf7a-abbbe1d76bab,"57234501000",130910
г,Красновишерск,131503,f42f49ba-d949-4245-843a-6ec5203d2fcd,"57226501000",131441
г,Оса,131851,"18e7b084-c83f-40bf-9378-d26628528a19","57240501000",131769
г,Оханск,131960,"48159476-c6db-4258-a0bc-f8ee52e7aef6","57242501000",131943
г,Очер,132824,"6a9b1a8a-5da1-470c-a03a-ecbb3cee0ee9","57244501000",132732
г,Чернушка,133338,c3a35399-c5ea-4f12-bf34-c2cc21e1cc60,"57257501000",133257
г,Усолье,133685,"9acef094-749b-406f-89a2-98c02ebf50c5","57253501000",133609
г,Чердынь,133875,"242133ad-1c0f-43f0-9865-7b5f914a778f","57256501000",133813
г,Краснокамск,134061,"22ac4485-bdf3-422e-b67f-9b3aba46de5e","57420550000",133951
г,Великие Луки-1,134519,a08f129f-c329-4cd8-8cba-f9cd786c56cb,"58206852002",134248
г,Гдов,136078,cdbe4f8f-1a44-4c99-a3c8-06b501a3ad2e,"58208501000",135758
г,Дно,136177,"31e4b2e4-ae67-43db-82ea-8728cd5a71c7","58212501000",136176
г,Новосокольники,137190,af8fb4a0-5d4e-4e0e-94fc-20021da2f67a,"58226501000",137039
г,Остров,137692,"67d379ab-16ac-40d0-95c0-f5f1cbeb578d","58233501000",137387
г,Печоры,138549,"8cb44bcc-4e46-409a-972a-b99a59fcc7e9","58240501000",138290
г,Невель,139148,"6570fdb6-7602-477e-a783-f186456dabfe","58220501000",138738
г,Новоржев,139467,"236c48ca-48c9-471f-8891-0b73ea89bc2b","58223501000",139305
г,Опочка,140083,"59c2f176-3b63-4086-bc6c-efa246c64a1e","58229501000",139790
г,Порхов,140726,c02d55c3-2086-400f-81b7-f1f540f31a87,"58247501000",140722
г,Пыталово,141499,"8cfcdc08-f726-4aff-abfa-b20199b32172","58253501000",141294
г,Себеж,141947,"749fbd77-ddae-408b-8ad8-154a0a22306a","58254501000",141642
г,Пустошка,142354,"28a7a368-16ab-4ffc-9b3e-4a4c3e16bf74","58250501000",142085
г,Каменск-Шахтинский,144094,"76cb0cf6-49a5-4852-b45d-99e4ce12a7ea","60419000000",297
г,Зверево,144136,"99f4120c-2af0-4c97-afbc-d17fdf350ba6","60418000000",297
г,Донецк,144148,"8eeb1bf2-9de9-46d5-874f-50344ca9128b","60417000000",297
г,Гуково,144188,eef55456-4d89-4620-b361-d620221ad3a7,"60415000000",297
г,Батайск,144229,"3809afb6-fdfd-4115-9e55-236abf108c81","60407000000",297
г,Новошахтинск,144239,bce1a4f2-7576-4427-8bd8-8d8b4e35ad11,"60430000000",297
г,Белая Калитва,144374,"2d38257c-c09e-405d-af01-93fc9cd3f6cd","60206501000",144363
г,Аксай,144521,"9bebf626-3ee7-4e1b-9e91-569c9d402152","60202501000",144467
г,Азов,144522,a216cad5-7027-40b8-b1a1-d64abefbd5cd,"60404000000",297
г,Зерноград,145045,c07d0c34-eadb-4102-bcef-7dd1a3ba27c3,"60218501000",144981
г,Константиновск,145113,"89de999c-b58a-4d76-94e5-dc6152813b10","60225501000",145087
г,Миллерово,145642,ac927a82-e1dc-4485-b0e0-59f019b8f295,"60232501000",145506
г,Красный Сулин,145895,"687f3695-dcc4-4591-b8b9-a316f46a459a","60226501000",145817
г,Сальск,146198,"971ba684-f38b-4229-ba72-0d6fe8e179c4","60250501000",146139
г,Пролетарск,146297,efa48912-9bcc-42ac-959d-289e9a75b046,"60245501000",146263
г,Семикаракорск,146395,"29b72146-2e5d-4841-a1c3-ce2c3f47aa35","60251501000",146362
г,Цимлянск,146551,"27095e32-973c-4d07-929a-c46f63076ea8","60257501000",146544
г,Кораблино,146885,"8ea51b23-4bd6-401a-8e5a-0b3ecaa30081","61212501000",146820
г,Спас-Клепики,147303,"3d67fdec-69f3-461a-bdbc-7455cb849545","61210501000",147123
г,Скопин,147839,"1ab7c980-83c4-46c6-b6bf-fc0d6b64b56a","61415000000",298
г,Касимов,147850,"5ad034ad-85b5-4106-be01-3d6e8b08cb2c","61405000000",298
г,Сасово,147851,"23c99789-de53-408e-b38d-09c5539cce2f","61410000000",298
г,Шацк,147937,"04b8181c-124d-495d-b8ef-825518186df9","61256501000",147852
г,Новомичуринск,148120,dc0c31cd-e03e-4fc3-a714-1c9f4b61cc7e,"61225514000",148119
г,Рыбное,148289,"91d71d8c-2f1a-43c8-bc84-d78dc4245a1b","61227501000",148201
г,Ряжск,148384,"5fdbcd60-a39f-4e15-94ea-ea2c7faba0ce","61230501000",148383
г,Михайлов,148838,"8afcc513-bb8b-45a9-ac0d-ce8cb43b4c60","61217501000",148751
г,Спасск-Рязанский,148940,"94484f92-28a1-4880-a723-0af2f4fce2ca","61246501000",148939
г,Кинель,149584,"8ca7cbe5-a14b-416a-974a-dfa56e7f396a","36408000000",299
г,Октябрьск,149613,b9a43610-5c01-4ba8-8de7-95facc7e460d,"36418000000",299
г,Жигулевск,149614,"2f44f8ee-a505-46bf-b6de-6648a166295e","36404000000",299
г,Отрадный,149621,"05edd5aa-ab64-4afa-b56c-fd5661a14129","36424000000",299
г,Чапаевск,149625,"90a11c8e-c39f-4bcd-9df4-f89bed18958c","36450000000",299
г,Новокуйбышевск,149636,cda74a83-ae08-4ba2-b01c-c6fc373222cb,"36413000000",299
г,Похвистнево,149644,ddb9cec8-ee07-4788-b80d-39535aea78f9,"36427000000",299
г,Нефтегорск,150446,"43406101-21a4-4a07-ac5a-0a686f9e8d1c","36230501000",150444
г,Шиханы,151053,"6c6b065e-9f1c-4afd-ac61-ff8338972818","63545000000",300
г,Ртищево,151054,d08bbea8-4fa3-4597-87ae-0bd79b4a89d2,"63440000000",300
г,Вольск,151055,"83f29047-8dd9-411d-ac4b-c5811ea815f1","63413000000",300
г,Вольск-18,151069,"369f75bf-e045-4a81-a142-da9ce60bad9f","63413000000",151055
г,Хвалынск,151302,ac586a68-2f14-403e-9ce0-46c01832652d,"63445000000",300
г,Аткарск,151308,"6f9e3e0b-3872-4abf-a2ba-23ae4b196a73","63404000000",300
г,Маркс,151371,c1a0ca30-8b42-4cc8-a16d-2d3392937621,"63422000000",300
г,Пугачев,151373,c1d4d969-0083-4b04-9f4b-e9eaeaefbd6f,"63435000000",300
г,Энгельс-19,151379,ec80945b-845b-4b2e-be46-6c9013525304,"63450554000",300
г,Энгельс-2,151380,"290421a7-52bf-43a1-ad09-118b6903daac","63450554000",300
г,Петровск,151381,b5d97e65-e496-44d0-b025-398a8d43514a,"63428000000",300
г,Красноармейск,151382,"64954753-8e36-4948-9372-af3a08e88d57","63418000000",300
г,Ершов,151505,"2f0ecdcb-c844-4de9-80cc-6d19795ccb3a","63217501000",151435
г,Аркадак,151766,"9b58edf4-1ee2-43e0-9df9-d93d48a66ad1","63203501000",151701
г,Калининск,152167,"634cee3a-db47-4b0f-9b90-8be1d5965db5","63221501000",152157
г,Новоузенск,154065,"2d06120f-ba70-4866-b46e-ec2bad9c4f42","63230501000",153982
г,Асбест,154069,f5fb13f3-c7d2-4075-821b-9cca03f1ae12,"65409000000",302
г,Верхняя Пышма,154081,"061cd8e0-b7bd-4a31-944e-a6e3da93631d","65420000000",302
г,Березовский,154154,adf5df2b-2c2e-45a9-b971-05550353cf43,"65412000000",302
г,Карпинск,154179,a695f868-8b1d-412a-b011-3e1eb265aad5,"65445000000",302
г,Североуральск,154192,"862dddf0-0479-4ffb-bc2c-ee83d598e855","65490000000",302
г,Красноуфимск,154205,ddb355ab-7c2a-4f86-b388-6afbd81a7e73,"65468000000",302
г,Полевской,154256,"2a3b4b10-7035-4af5-9bbd-409c42b51eb7","65482000000",302
г,Алапаевск,154274,a4ab722e-453a-4aed-bb73-728a05e2e27f,"65403000000",302
г,Краснотурьинск,154291,"59b1c816-7f98-4707-b5e2-c6193fff8923","65456000000",302
г,Волчанск,154309,"68edcd30-0b57-4699-a196-343b80d23223","65445503000",302
г,Каменск-Уральский,154312,ecc16584-9814-44d7-a0f3-c79601caa734,"65436000000",302
г,Заречный,154319,"8018ae42-55a5-4297-a126-b482aee0b634","65426000000",302
г,Среднеуральск,154324,"7c470adb-7d3d-42a1-9190-8f3fd05f710d","65420505000",302
г,Камышлов,154328,ac2abd40-bb9b-41df-abd8-a319afd88f00,"65440000000",302
г,Первоуральск,154329,"45bad628-61b7-4445-b62a-fa4c7bc71ccd","65480000000",302
г,Дегтярск,154366,"079bd9a9-7a84-4e6e-8a69-e73433e51e41","65484503000",302
г,Ревда,154370,b1a4b393-ac99-4447-a11d-c3b454fa3d8e,"65484000000",302
г,Новоуральск,154381,"22fbcef5-5cab-4ef2-9cb5-fddd1479bc8e","65540000000",302
г,Лесной,154387,"26c6f82c-8503-4c38-9009-52815c8f4a9b","65542000000",302
г,Нижняя Салда,154398,b4326e03-bab5-4188-a8c1-97d69858c514,"65477000000",302
г,Тавда,154404,e3d340e7-15af-436c-a0f0-abfaf2108fca,"65496000000",302
г,Кушва,154405,c2b7db39-9ef3-4d9d-a109-a3870b583d45,"65470000000",302
г,Нижняя Тура,154425,"5591594f-f2a4-49b0-a3bc-22307f192c4e","65478000000",302
г,Верхняя Тура,154451,"4ffc4d96-d8fb-49c8-9e36-0989968d06e5","65470503000",302
г,Качканар,154453,c6d37528-b353-43eb-81d8-64a4fd1612f5,"65448000000",302
г,Красноуральск,154456,"3c6a6e0c-29d7-409b-9d2a-135994cf5e97","65460000000",302
г,Ивдель,154467,c32d06c4-cca2-42f4-a3b3-b2fee48b9585,"65428000000",302
г,Кировград,154520,dd3f07bd-0109-47e0-8a0a-64928436beed,"65453000000",302
г,Верхний Тагил,154532,e76b32c8-a93e-4d3f-bae2-282dc900954a,"65453503000",302
г,Невьянск,154539,aedb1d40-4877-49c6-8bcb-e2ec6b6cb410,"65473000000",302
г,Ирбит,154542,"4a90bd67-7682-4012-a0c5-09865b9d08a0","65432000000",302
г,Верхняя Салда,154543,"744462fb-a17d-43be-b71e-e7ecbd687561","65424000000",302
г,Артемовский,154695,fdc6b0ad-4096-43e7-a2e9-16404d2e1f68,"65406000000",154687
г,Верхотурье,154830,"6a688b13-5231-4d5e-b5eb-ee14da03ac10","65212501000",154799
г,Богданович,155079,"0c5ca223-c100-4d91-b89b-33a59ba2dc69","65416000000",155065
г,Реж,155781,e40dd081-584b-435c-b8ed-d44ab7854729,"65486000000",155780
г,Новая Ляля,155826,afff2611-ca9b-4e0e-9690-f5d13b7a7535,"65229501000",155812
г,Талица,156189,"12a6ddb3-4f9e-44bf-9e24-77eb72cae2ed","65249501000",156185
г,Нижние Серги,156310,"9f066e0f-7799-4eb9-a301-ef12719d7c03","65228501000",156299
г,Михайловск,156314,"177c10d7-f36f-449e-a94b-5f7f45a0dbc8","65228504000",156299
г,Нижние Серги-3,156315,ca90b98b-b49d-40ac-a002-024cadccaae1,"65228574000",156299
г,Арамиль,156372,c99ffa11-6b7e-4040-9f9e-baa1eeca8a91,"65241503000",156355
г,Сысерть,156373,"93fdb310-5e08-43ee-aabe-42e39a950928","65241501000",156355
г,Сухой Лог,156428,"9e41e6fc-a2a3-4ee4-9f60-045cf22d45d0","65494000000",156422
г,Туринск,156556,"45a7312f-5c8b-46d9-b7ff-46d0efa63366","65254501000",156536
г,Холмск,156759,"0d5fd8b6-9e5e-44e1-a341-fff1c3c9e1e0","64440000000",156732
г,Курильск,156788,"1e3fbbb8-0c90-4a49-a012-9d5813f4f032","64220501000",156784
г,Северо-Курильск,156798,"156ed642-9a53-4830-bec3-88f5e6dedd69","64243501000",156797
г,Томари,156803,"06eb791a-25e9-4b8e-aaba-4a845b7394db","64248501000",156800
г,Александровск-Сахалинский,156832,b56de39f-87a4-4c5c-a2b1-9ccb64039774,"64405000000",156816
г,Поронайск,156874,"10e40296-e5b1-4688-83d5-838eac25ae72","64430000000",156864
г,Анива,156928,"7e2a1112-2976-44b8-94a1-c0af2bad7d38","64208501000",156887
г,Долинск,157003,d1e3874e-1b89-4000-b63e-2a0428adbcd8,"64212000000",157001
г,Горнозаводск,157018,e24fa669-19af-43ea-8f9f-51a77d9d68f1,"64228503000",157017
г,Невельск,157024,"2bdeaf4a-cbcc-497f-b558-3efc68434d76","64420000000",157017
г,Оха,157054,"273e561f-aa3b-4057-9225-862563c93287","64425000000",157036
г,Углегорск,157067,c3da66fb-eb91-47c6-934c-b98ed003c82e,"64435000000",157066
г,Шахтерск,157068,"2beee443-0b79-4c3d-a6e3-182743dc5bfb","64252510000",157066
г,Макаров,157089,eeb17cd3-ea24-4d58-bd46-ad6c333d3de7,"64224501000",157088
г,Корсаков,157138,ba09681d-27a6-4784-8369-fa13da3057bf,"64415000000",157120
г,Вязьма,157575,d2fa2230-a9f4-4b75-b21e-059026dd6ce5,"66205501000",157160
г,Десногорск,157577,"5e2b3d5b-cd14-4116-8837-8878b5ccc057","66410000000",303
г,Велиж,157770,"7e0ce062-6798-4091-9b28-d1c30d369a36","66203501000",157606
г,Гагарин,158620,"84f1f1f9-34a5-4a9f-9a0b-a2ce6a0fe242","66208501000",158336
г,Дорогобуж,158850,"1c5ce84f-3f65-4b10-ac4d-2b44144cc234","66214501000",158721
г,Рудня,159265,d0f2d596-2e23-4072-b6c2-7adbb6c77d4b,"66238501000",159057
г,Духовщина,159606,ccb8ae0f-9d62-4dec-9ab0-0bbb34cb9def,"66216501000",159373
г,Демидов,159707,ab27d164-4b35-48ca-95ba-66abb8977a76,"66211501000",159609
г,Сафоново,160202,"91fa6249-0711-454a-bf0d-341629234858","66241501000",160033
г,Рославль,160289,"2cbbc92b-0657-4d26-addb-0b2ebaf0c397","66236501000",160277
г,Ельня,161149,c1e4a479-76a2-4db4-9d24-835d659340a3,"66219501000",161107
г,Починок,161321,"323e5d97-d4d9-49b3-91ad-335b165a052a","66233501000",161289
г,Ярцево,161683,"84588847-9e01-42c0-86cc-5ee2c819aeaf","66258501000",161552
г,Сычевка,161821,b3522b83-3f83-4145-892f-5767415d82d3,"66246501000",161688
г,Кирсанов,162865,"24694c2c-bab5-4fc7-9666-5ad984536465","68405000000",304
г,Уварово,162873,"5a54fa19-c17f-40a8-9d81-0fc826cba781","68430000000",304
г,Котовск,162875,"1cc2ab3c-1791-4771-b332-d2d96f52788e","68410000000",304
г,Рассказово,162876,f3d1ea5a-4478-4589-bec0-47c558577739,"68425000000",304
г,Моршанск,162877,"88bf324d-7303-45c3-ba7f-695f2528490b","68420000000",304
г,Жердевка,163794,"97034a8c-c36f-4e7b-880b-436ce8fec1be","68204501000",163728
г,Нелидово,164820,a38751f3-98fe-4d8d-b9bc-2a4705b887ec,"28435000000",305
г,Белый,164826,e429f385-b7f5-41be-8c7f-3b8ce47f00b2,"28206501000",164825
г,Торжок,164970,"4b7047b6-a656-48e7-a247-1433d4a7fb82","28450000000",305
г,Кимры,164971,"2c02d3e2-f65d-4d7f-b1a3-ffe55d2d4508","28426000000",305
г,Бологое,165121,"01fecded-f136-4c58-986b-2eef124c8290","28408000000",164976
г,Бежецк,166194,a8a1798c-3aa9-4716-82a1-51ec18e23c04,"28405000000",165800
г,Ржев,166227,"2553804d-14b9-4f5b-8bd0-25c0fc7315ae","28445000000",305
г,Вышний Волочек,166228,ac45dd91-33c1-4689-a48c-226c75dc752d,"28414000000",305
г,Андреаполь,166483,"0c193436-6308-407a-afbb-973a8c075630","28202501000",166229
г,Зубцов,166752,"7f0cc277-4994-4c14-abe9-bbb776a8bcfc","28218501000",166487
г,Весьегонск,167026,"1e4608bf-7b7d-41a8-b6e3-78010ee9ce80","28210501000",166763
г,Западная Двина,167186,"89a1b73c-6058-49e0-bdba-e7f10c2342dd","28216501000",167179
г,Красный Холм,167744,b62cf2b9-b222-434b-89ea-19e58c73b406,"28232501000",167574
г,Кувшиново,168134,"1370dc6a-9c3c-428b-b8ff-17fe39ee7654","28234501000",168130
г,Лихославль,168303,"65ff289f-75f8-4a63-8d7a-7126496de247","28238501000",168302
г,Конаково,168586,"8f171e04-35f6-4c4d-bd95-97a5601b0d71","28430000000",168573
г,Калязин,169086,fe762e07-f90b-4758-9816-54112f02740e,"28222501000",169083
г,Кашин,170040,d0c58ce3-d21c-441f-be50-92de7f5bcc83,"28420000000",170036
г,Торопец,170829,"7e35bc70-aa2f-4be7-b34f-8a9c18d48b76","28255501000",170810
г,Старица,171797,"44d646fd-0ad2-49d7-ad37-41aacd6f1aee","28253501000",171378
г,Удомля,172058,"5bbf246a-6ff4-4050-9ea6-6d0b0a746651","28455000000",171801
г,Осташков,175186,bfe4c46e-0487-48ba-aea3-be0d909fca67,"28440000000",174946
г,Асино,175269,"8540435c-3516-4d00-a7e5-213165da85e5","69208501000",175268
г,Колпашево,175378,c29a885f-a8c8-43b4-aecd-d439d36f5e47,"69232501000",175377
г,Северск,175504,"53c22352-eb6f-4163-a4d1-385d64561d2f","69541000000",306
г,Стрежевой,175525,"0a0fe1fc-8aab-4ff3-a2a3-971ee4fcd27f","69410000000",306
г,Кедровый,175526,"59cb7e41-b681-40c8-97f2-13374a397867","69407000000",306
г,Богородицк,177129,e80009cb-c8c9-4dda-90cb-082b6e0d5d8c,"70208501000",177036
г,Венев,177226,"6fef4448-fd64-4669-8f49-866718b3ec5c","70212501000",177153
г,Донской,177477,dc8fbc8d-da2e-4bbb-a55c-94446fa7ad77,"70412000000",307
г,Ефремов,177500,a6fad096-bd8a-49b8-ad26-78d892c208fd,"70220501000",177492
г,Белев,177920,a9d553c1-2d2e-422a-afba-96b3b34755e1,"70206501000",177918
г,Плавск,178218,"3381114c-df5f-4966-8e74-b2e63d1e71bb","70238501000",178098
г,Кимовск,178439,"1b04dfd7-7752-4c40-ae60-9fae9cb95237","70226501000",178350
г,Сокольники,178516,"8136d625-655f-4080-9bc1-3b16764adf63","70234504000",178514
г,Узловая,178747,d3f84234-d9f9-4bd9-ae29-459fb22c5433,"70244501000",178699
г,Липки,179119,ff4e0e65-f17d-4ba6-832d-d1bd12859e00,"70228513000",179118
г,Болохово,179265,"0e4f8d4e-bc37-4c6e-b46f-a448a0bcb84a","70228508000",179118
г,Киреевск,179271,"7cf29293-e9ab-4c7a-98ec-30d0c48ea104","70228501000",179118
г,Чекалин,179699,de83a84d-6526-46dc-9501-82a4542e5abb,"70240508000",179695
г,Суворов,179804,"3e63d801-f22b-4ad2-bca2-29f73b0388dc","70240501000",179695
г,Ясногорск,180092,"87c99d23-260a-4a6e-8f69-f8a3dc131c3b","70250501000",179988
г,Советск,180381,"20bde9d4-4295-417f-beba-6210f2e6b5d9","70248504000",180157
г,Щекино,180383,"2711a4bb-c464-405f-8b8b-cac284c9ae72","70432000000",180157
г,Ишим,180722,"248fbf02-0ba3-4208-8478-ba3def019844","71405000000",308
г,Заводоуковск,180802,"10c58caf-f8b8-44b6-99b9-5cf25f681fcf","71403000000",308
г,Ялуторовск,180803,"2771f01d-b335-40ba-ac30-11a7d3b43c26","71415000000",308
г,Новоульяновск,182704,c21a50ef-de67-477c-887b-a1202730ee8e,"73415000000",309
г,Инза,183246,a23672b1-86cf-4b07-b1a1-cf0b58e7419b,"73210501000",183244
г,Барыш,183413,"52cccd1a-84fd-448a-a91e-36f113b9946f","73204501000",309
г,Сенгилей,183801,b9e9ca48-b953-4999-bf0e-608c57c0d0a0,"73236501000",183772
г,Верхний Уфалей,183821,"03aa453a-c7d6-4567-9a59-34a9e9cc1eac","75406000000",310
г,Карабаш,183905,dbca0fdd-89a6-43ad-9bd0-9796236917d7,"75415000000",310
г,Кыштым,183917,"969d3bb6-4d8e-4130-902b-b70571090302","75434000000",310
г,Южноуральск,183974,"2ac904d8-365e-4f49-8ff9-f14f88609535","75464000000",310
г,Чебаркуль,183976,"1fe59b79-b019-45d7-bfd9-03b3b2d49cb6","75458000000",310
г,Копейск,183978,"69462f61-d1da-4e61-a970-3b71c6623002","75428000000",310
г,Трехгорный,184041,"097d2fcb-d22a-4fbd-89bf-27950b7116a3","75507000000",310
г,Усть-Катав,184042,"327f11c6-474f-44f9-aff3-8ba1780fcaf0","75455000000",310
г,Трехгорный-1,184054,c34f9871-d934-4be7-be82-59f42a794068,"75507000000",310
г,Озерск,184055,"8192c863-edbf-4825-8523-0612ae80e5a7","75543000000",310
г,Троицк,184062,b5ad78c2-cc8f-4769-9a9f-75743d8da02f,"75452000000",310
г,Снежинск,184063,"08aad8a8-0067-4161-8389-b75d1da72866","75545000000",310
г,Катав-Ивановск,184131,"5c0f59dc-daeb-4891-a620-900a59d8cabd","75424000000",184117
г,Юрюзань,184132,"162b9632-9ebb-4143-80fd-2d0c4a978243","75229516000",184117
г,Бакал,184171,f0eff629-59f9-46e3-a3e1-70003376fbd8,"75249503000",184137
г,Сатка,184177,"8bcc16d4-ead7-4938-944c-862c7e6c67aa","75448000000",184137
г,Миньяр,184207,"855ef067-23aa-425a-aa9b-cadbfb1f9fff","75209503000",184183
г,Сим,184208,b23193d5-43a7-4663-8fba-7ee34ae4db77,"75209505000",184183
г,Аша,184210,c1c960ba-28ed-4a23-9663-668a10e8dbc1,"75403000000",184183
г,Карталы,184262,"8de6102a-50a8-4bd4-9552-a265cb82b57f","75418000000",184215
г,Касли,184395,"9db9997b-8945-4ae2-9d14-6dfe0dd01c7e","75421000000",184367
г,Верхнеуральск,184616,e4a3d40b-d937-4eef-900f-e16a2244a4c1,"75217501000",184566
г,Куса,184643,"94812112-feed-454d-a3d2-45ba7bc691d0","75238501000",184620
г,Нязепетровск,184710,e42b53fb-fed8-4ee7-94f3-6190e179d249,"75244501000",184686
г,Еманжелинск,185029,"450daf49-c6ce-4bbd-9e3e-350e6ad3bc6c","75409000000",185025
г,Коркино,185037,"34bc4096-0b85-4b90-bac1-2539cb030041","75431000000",185036
г,Пласт,185402,"4828bba2-6758-4e7b-a7ef-ff07f83e9563","75445000000",185383
г,Могоча,185411,"29eb6b99-27ad-493c-9fd1-a83fe8acdf24","76226501000",185406
г,Балей,185455,"29a51a64-5ca3-4cc6-87ff-9cdfcc17642e","76206501000",185445
г,Краснокаменск,185668,"3c9d5e9e-2922-4e9e-9e49-dbe6faf01fb2","76221501000",185659
г,Нерчинск,185726,ba325548-ac92-4a21-904b-bb535e5fe249,"76228501000",185725
г,Сретенск,186149,f9dd7993-4953-4980-bbcc-2666b94b2a06,"76240501000",186145
г,Хилок,186297,a4b18a69-c5df-4022-ba9b-a29f99acfa42,"76247501000",186278
г,Любим,187010,f81f98ae-4e55-4fc3-8968-6ac6f1118c69,"78218501000",186773
г,Переславль-Залесский,187368,f147ed70-422e-40d0-9088-810f7b57ed59,"78405000000",311
г,Гаврилов-Ям,187863,b94f9367-389f-4825-a837-d6af47171ed8,"78212501000",187704
г,Данилов,189084,"28068176-9b2e-4333-a320-9b748b98b9d3","78215501000",188546
г,Ростов,190131,ab242d02-4d6c-4a1a-a9ce-ed9db691fc31,"78410000000",189806
г,Пошехонье,190179,d1bfddc3-1c78-40af-aeb0-c724ed7a9b4f,"78234501000",190135
г,Мышкин,192354,e5b1d3f2-b34d-48f7-8b23-1109114de8aa,"78221501000",192096
г,Углич,192360,bddb02e3-ce5b-4128-8433-b4ad228914b9,"78420000000",192355
г,Тутаев,193061,"55aa704c-ff9b-45e6-9493-eb10890e2824","78417000000",192872
г,Щербинка,193236,b7fc1d20-41d4-44e8-af34-d635f452d74c,"45297581000",77
г,Троицк,193267,"7dde11f6-f6ab-4a05-8052-78e0cab8fc59","45298578000",77
г,Московский,193662,fbcf1fff-1d7c-445e-ad92-b71c08b8aba3,"45297565001",77
г,Зеленогорск,193663,ac598324-b704-4957-a66e-e8142677981b,"40281509000",101
г,Кронштадт,193664,"7b1c7427-41b2-4ffc-bf39-550e8299b5cb","40280501000",101
г,Красное Село,193665,cced82af-3bdf-4a91-ab68-d654804767c0,"40279501000",101
г,Сестрорецк,193666,ee5e852c-1a4a-4aee-919a-54473a76fa4d,"40281520000",101
г,Колпино,193673,"1e11a121-81c4-4b66-b11c-da8f47db2e1d","40277501000",101
г,Пушкин,193677,"110d6ad9-0b64-47cf-a2ee-7e935228799c","40294501000",101
г,Петергоф,193684,"8f238984-812b-4bb1-850b-49749fb5c56d","40290501000",101
г,Павловск,193702,"5c348da7-3a1e-47fe-be8d-52bac0887cd4","40294502000",101
г,Ломоносов,193703,"3c2827f3-63f3-4692-8c74-c1318ee524fd","40290502000",101
г,Облучье,193728,b60c1e9f-9355-47ef-b5a3-82906d074bd4,"99220501000",193704
г,Лангепас,193829,"149e651b-5dd3-480f-a372-5174576609f6","71132000000",314
г,Мегион,193847,d9c157ca-fd05-4efc-ae0c-16927612a0c8,"71133000000",314
г,Покачи,193849,"8bac4b94-1d16-42b5-b5c6-211aa52f3216","71184000000",314
г,Когалым,193850,"5a08166f-cfaa-4e95-8233-f0d473883bd3","71183000000",314
г,Советский,193944,b2487322-b3b1-48fc-a462-cf06c36fac91,"71124604000",193940
г,Югорск,193982,abb05e81-bd8b-4e44-abf7-384c9eba3407,"71187000000",314
г,Пыть-Ях,193985,"130857a0-7059-4f18-9a13-c17ef6c4f9ca","71185000000",314
г,Урай,194152,"610abc14-c127-4d7c-8697-31cb5c7c47f2","71138000000",314
г,Белоярский,194225,db0b028c-2da0-4fb9-af00-6fed7a7644a0,"71181000000",314
г,Радужный,194228,"394a840f-9502-406f-a8be-3a2aa9e8f075","71137000000",314
г,Лянтор,194260,e7e90d82-aecc-4e9c-a373-3a7afcd5fed3,"71126605000",194237
г,Надым,194609,"24a3f6a2-5994-4ede-90d4-dc7fe64418b8","71174000000",316
г,Лабытнанги,194623,"6552fa92-269f-4b6a-bee5-fe9204463d99","71173000000",316
г,Муравленко,194630,"9d4ebe8d-29d8-4ddc-882d-75a5c5aec652","71175000000",316
г,Новый Уренгой,194632,"4136d0c1-3ff7-44c0-aa30-fa2e7eb96ef7","71176000000",316
г,Губкинский,194635,"0cb9e3a5-20fa-4248-8c1d-b31d5ce7f691","71172000000",316
г,Тарко-Сале,194820,b998fcc0-d770-4754-9133-d669a2b2ba5d,"71160605000",194756
г,Билибино,195000,c012d402-217c-488a-85f3-52b3312ddab6,"77209501000",194998
г,Певек,195026,e8a6aabb-9ea3-4862-9bf7-4b35460e98a4,"77230501000",195017
